year,month,state,frequency,sentiment
2012,1,AL,0.0,
2012,2,AL,0.0,
2012,3,AL,0.0,
2012,4,AL,0.0,
2012,5,AL,0.0,
2012,6,AL,0.0,
2012,7,AL,0.0,
2012,8,AL,0.0,
2012,9,AL,0.0,
2012,10,AL,0.0,
2012,11,AL,0.0,
2012,12,AL,0.0,
2013,1,AL,0.0,
2013,2,AL,0.0,
2013,3,AL,0.0,
2013,4,AL,0.0,
2013,5,AL,0.0,
2013,6,AL,0.0,
2013,7,AL,0.0,
2013,8,AL,0.0,
2013,9,AL,0.0,
2013,10,AL,0.0,
2013,11,AL,0.0,
2013,12,AL,0.0,
2014,1,AL,0.0,
2014,2,AL,0.0,
2014,3,AL,0.0,
2014,4,AL,0.0,
2014,5,AL,0.0,
2014,6,AL,0.0,
2014,7,AL,0.0,
2014,8,AL,0.0,
2014,9,AL,0.0,
2014,10,AL,0.0,
2014,11,AL,0.0,
2014,12,AL,0.0,
2015,1,AL,1.0,0.0
2015,2,AL,0.0,
2015,3,AL,0.0,
2015,4,AL,0.0,
2015,5,AL,0.0,
2015,6,AL,0.0,
2015,7,AL,0.0,
2015,8,AL,1.0,0.0
2015,9,AL,0.0,
2015,10,AL,0.0,
2015,11,AL,0.0,
2015,12,AL,0.0,
2016,1,AL,0.0,
2016,2,AL,0.0,
2016,3,AL,0.0,
2016,4,AL,0.0,
2016,5,AL,0.0,
2016,6,AL,0.0,
2016,7,AL,0.0,
2016,8,AL,0.0,
2016,9,AL,0.0,
2016,10,AL,0.0,
2016,11,AL,0.0,
2016,12,AL,0.0,
2017,1,AL,0.0,
2017,2,AL,0.0,
2017,3,AL,0.0,
2017,4,AL,0.0,
2017,5,AL,0.0,
2017,6,AL,0.0,
2017,7,AL,63.0,0.006349206349206349
2017,8,AL,21.0,0.12527417027417023
2017,9,AL,1.0,0.0
2017,10,AL,1.0,0.0
2017,11,AL,1.0,0.0
2017,12,AL,2.0,0.11392045454545455
2018,1,AL,3.0,0.1366666666666667
2018,2,AL,13.0,0.18271728271728271
2018,3,AL,11.0,0.1348484848484848
2018,4,AL,4.0,0.1259469696969697
2018,5,AL,0.0,
2018,6,AL,11.0,0.08306818181818182
2018,7,AL,2.0,0.0
2018,8,AL,1.0,0.025
2018,9,AL,4.0,0.15980519480519478
2018,10,AL,8.0,0.1674005681818182
2018,11,AL,0.0,
2018,12,AL,0.0,
2019,1,AL,0.0,
2019,2,AL,0.0,
2019,3,AL,0.0,
2019,4,AL,0.0,
2019,5,AL,0.0,
2019,6,AL,5.0,0.32724631734006737
2019,7,AL,5.0,0.12505681818181819
2019,8,AL,0.0,
2019,9,AL,0.0,
2019,10,AL,0.0,
2019,11,AL,0.0,
2019,12,AL,0.0,
2020,1,AL,0.0,
2012,1,AK,0.0,
2012,2,AK,0.0,
2012,3,AK,0.0,
2012,4,AK,0.0,
2012,5,AK,0.0,
2012,6,AK,0.0,
2012,7,AK,0.0,
2012,8,AK,0.0,
2012,9,AK,0.0,
2012,10,AK,0.0,
2012,11,AK,0.0,
2012,12,AK,0.0,
2013,1,AK,0.0,
2013,2,AK,0.0,
2013,3,AK,0.0,
2013,4,AK,0.0,
2013,5,AK,0.0,
2013,6,AK,0.0,
2013,7,AK,0.0,
2013,8,AK,0.0,
2013,9,AK,0.0,
2013,10,AK,0.0,
2013,11,AK,0.0,
2013,12,AK,0.0,
2014,1,AK,0.0,
2014,2,AK,0.0,
2014,3,AK,0.0,
2014,4,AK,0.0,
2014,5,AK,0.0,
2014,6,AK,0.0,
2014,7,AK,0.0,
2014,8,AK,0.0,
2014,9,AK,0.0,
2014,10,AK,0.0,
2014,11,AK,0.0,
2014,12,AK,0.0,
2015,1,AK,0.0,
2015,2,AK,0.0,
2015,3,AK,0.0,
2015,4,AK,0.0,
2015,5,AK,0.0,
2015,6,AK,0.0,
2015,7,AK,0.0,
2015,8,AK,0.0,
2015,9,AK,0.0,
2015,10,AK,0.0,
2015,11,AK,0.0,
2015,12,AK,0.0,
2016,1,AK,0.0,
2016,2,AK,0.0,
2016,3,AK,0.0,
2016,4,AK,0.0,
2016,5,AK,0.0,
2016,6,AK,0.0,
2016,7,AK,0.0,
2016,8,AK,0.0,
2016,9,AK,0.0,
2016,10,AK,0.0,
2016,11,AK,0.0,
2016,12,AK,0.0,
2017,1,AK,0.0,
2017,2,AK,0.0,
2017,3,AK,0.0,
2017,4,AK,0.0,
2017,5,AK,0.0,
2017,6,AK,0.0,
2017,7,AK,2.0,0.0
2017,8,AK,0.0,
2017,9,AK,0.0,
2017,10,AK,0.0,
2017,11,AK,0.0,
2017,12,AK,0.0,
2018,1,AK,1.0,-0.012499999999999997
2018,2,AK,0.0,
2018,3,AK,0.0,
2018,4,AK,1.0,0.1
2018,5,AK,0.0,
2018,6,AK,0.0,
2018,7,AK,1.0,0.08333333333333333
2018,8,AK,0.0,
2018,9,AK,0.0,
2018,10,AK,0.0,
2018,11,AK,0.0,
2018,12,AK,0.0,
2019,1,AK,0.0,
2019,2,AK,0.0,
2019,3,AK,0.0,
2019,4,AK,0.0,
2019,5,AK,0.0,
2019,6,AK,0.0,
2019,7,AK,0.0,
2019,8,AK,0.0,
2019,9,AK,0.0,
2019,10,AK,0.0,
2019,11,AK,0.0,
2019,12,AK,0.0,
2020,1,AK,0.0,
2012,1,AZ,0.0,
2012,2,AZ,0.0,
2012,3,AZ,0.0,
2012,4,AZ,0.0,
2012,5,AZ,0.0,
2012,6,AZ,0.0,
2012,7,AZ,0.0,
2012,8,AZ,0.0,
2012,9,AZ,0.0,
2012,10,AZ,0.0,
2012,11,AZ,0.0,
2012,12,AZ,0.0,
2013,1,AZ,0.0,
2013,2,AZ,0.0,
2013,3,AZ,0.0,
2013,4,AZ,0.0,
2013,5,AZ,0.0,
2013,6,AZ,0.0,
2013,7,AZ,0.0,
2013,8,AZ,0.0,
2013,9,AZ,0.0,
2013,10,AZ,0.0,
2013,11,AZ,0.0,
2013,12,AZ,0.0,
2014,1,AZ,0.0,
2014,2,AZ,0.0,
2014,3,AZ,0.0,
2014,4,AZ,0.0,
2014,5,AZ,0.0,
2014,6,AZ,0.0,
2014,7,AZ,2.0,0.008333333333333333
2014,8,AZ,0.0,
2014,9,AZ,0.0,
2014,10,AZ,0.0,
2014,11,AZ,0.0,
2014,12,AZ,0.0,
2015,1,AZ,0.0,
2015,2,AZ,0.0,
2015,3,AZ,0.0,
2015,4,AZ,0.0,
2015,5,AZ,0.0,
2015,6,AZ,0.0,
2015,7,AZ,0.0,
2015,8,AZ,0.0,
2015,9,AZ,0.0,
2015,10,AZ,0.0,
2015,11,AZ,0.0,
2015,12,AZ,0.0,
2016,1,AZ,0.0,
2016,2,AZ,1.0,0.13636363636363635
2016,3,AZ,0.0,
2016,4,AZ,0.0,
2016,5,AZ,0.0,
2016,6,AZ,0.0,
2016,7,AZ,0.0,
2016,8,AZ,0.0,
2016,9,AZ,0.0,
2016,10,AZ,0.0,
2016,11,AZ,0.0,
2016,12,AZ,0.0,
2017,1,AZ,0.0,
2017,2,AZ,0.0,
2017,3,AZ,0.0,
2017,4,AZ,0.0,
2017,5,AZ,0.0,
2017,6,AZ,0.0,
2017,7,AZ,10.0,0.024242424242424246
2017,8,AZ,4.0,0.12416666666666666
2017,9,AZ,9.0,0.1457070707070707
2017,10,AZ,4.0,0.109375
2017,11,AZ,2.0,0.016666666666666663
2017,12,AZ,3.0,0.1025
2018,1,AZ,6.0,0.17226851851851852
2018,2,AZ,3.0,0.06068181818181819
2018,3,AZ,5.0,0.09276041666666665
2018,4,AZ,7.0,0.011190476190476195
2018,5,AZ,7.0,0.22069805194805195
2018,6,AZ,4.0,0.006666666666666667
2018,7,AZ,2.0,0.115625
2018,8,AZ,6.0,0.05049603174603174
2018,9,AZ,2.0,0.0
2018,10,AZ,8.0,0.30625
2018,11,AZ,0.0,
2018,12,AZ,0.0,
2019,1,AZ,0.0,
2019,2,AZ,0.0,
2019,3,AZ,0.0,
2019,4,AZ,0.0,
2019,5,AZ,0.0,
2019,6,AZ,9.0,0.20388888888888887
2019,7,AZ,4.0,0.1375
2019,8,AZ,0.0,
2019,9,AZ,0.0,
2019,10,AZ,0.0,
2019,11,AZ,0.0,
2019,12,AZ,0.0,
2020,1,AZ,0.0,
2012,1,AR,0.0,
2012,2,AR,0.0,
2012,3,AR,0.0,
2012,4,AR,0.0,
2012,5,AR,0.0,
2012,6,AR,0.0,
2012,7,AR,0.0,
2012,8,AR,0.0,
2012,9,AR,0.0,
2012,10,AR,0.0,
2012,11,AR,0.0,
2012,12,AR,0.0,
2013,1,AR,0.0,
2013,2,AR,0.0,
2013,3,AR,0.0,
2013,4,AR,0.0,
2013,5,AR,0.0,
2013,6,AR,0.0,
2013,7,AR,0.0,
2013,8,AR,0.0,
2013,9,AR,0.0,
2013,10,AR,0.0,
2013,11,AR,0.0,
2013,12,AR,0.0,
2014,1,AR,0.0,
2014,2,AR,0.0,
2014,3,AR,0.0,
2014,4,AR,0.0,
2014,5,AR,0.0,
2014,6,AR,0.0,
2014,7,AR,0.0,
2014,8,AR,0.0,
2014,9,AR,0.0,
2014,10,AR,0.0,
2014,11,AR,0.0,
2014,12,AR,0.0,
2015,1,AR,0.0,
2015,2,AR,0.0,
2015,3,AR,0.0,
2015,4,AR,0.0,
2015,5,AR,0.0,
2015,6,AR,0.0,
2015,7,AR,0.0,
2015,8,AR,0.0,
2015,9,AR,0.0,
2015,10,AR,0.0,
2015,11,AR,0.0,
2015,12,AR,0.0,
2016,1,AR,0.0,
2016,2,AR,0.0,
2016,3,AR,0.0,
2016,4,AR,0.0,
2016,5,AR,0.0,
2016,6,AR,0.0,
2016,7,AR,0.0,
2016,8,AR,0.0,
2016,9,AR,0.0,
2016,10,AR,0.0,
2016,11,AR,0.0,
2016,12,AR,0.0,
2017,1,AR,0.0,
2017,2,AR,0.0,
2017,3,AR,0.0,
2017,4,AR,0.0,
2017,5,AR,0.0,
2017,6,AR,0.0,
2017,7,AR,3.0,0.05333333333333334
2017,8,AR,0.0,
2017,9,AR,0.0,
2017,10,AR,2.0,0.4
2017,11,AR,1.0,0.0
2017,12,AR,0.0,
2018,1,AR,0.0,
2018,2,AR,1.0,0.0
2018,3,AR,6.0,0.09999999999999999
2018,4,AR,4.0,0.037500000000000006
2018,5,AR,0.0,
2018,6,AR,1.0,0.0
2018,7,AR,0.0,
2018,8,AR,2.0,0.0
2018,9,AR,6.0,0.056818181818181816
2018,10,AR,5.0,0.0
2018,11,AR,0.0,
2018,12,AR,0.0,
2019,1,AR,0.0,
2019,2,AR,0.0,
2019,3,AR,0.0,
2019,4,AR,0.0,
2019,5,AR,0.0,
2019,6,AR,2.0,0.19791666666666666
2019,7,AR,1.0,0.05833333333333333
2019,8,AR,0.0,
2019,9,AR,0.0,
2019,10,AR,0.0,
2019,11,AR,0.0,
2019,12,AR,0.0,
2020,1,AR,0.0,
2012,1,CA,0.0,
2012,2,CA,0.0,
2012,3,CA,0.0,
2012,4,CA,0.0,
2012,5,CA,0.0,
2012,6,CA,0.0,
2012,7,CA,0.0,
2012,8,CA,0.0,
2012,9,CA,0.0,
2012,10,CA,0.0,
2012,11,CA,0.0,
2012,12,CA,1.0,0.11499999999999999
2013,1,CA,0.0,
2013,2,CA,0.0,
2013,3,CA,0.0,
2013,4,CA,0.0,
2013,5,CA,0.0,
2013,6,CA,0.0,
2013,7,CA,0.0,
2013,8,CA,0.0,
2013,9,CA,0.0,
2013,10,CA,0.0,
2013,11,CA,0.0,
2013,12,CA,0.0,
2014,1,CA,0.0,
2014,2,CA,0.0,
2014,3,CA,0.0,
2014,4,CA,1.0,0.0
2014,5,CA,0.0,
2014,6,CA,1.0,0.8
2014,7,CA,0.0,
2014,8,CA,0.0,
2014,9,CA,0.0,
2014,10,CA,1.0,0.0
2014,11,CA,0.0,
2014,12,CA,0.0,
2015,1,CA,0.0,
2015,2,CA,1.0,-0.3
2015,3,CA,0.0,
2015,4,CA,0.0,
2015,5,CA,0.0,
2015,6,CA,0.0,
2015,7,CA,0.0,
2015,8,CA,0.0,
2015,9,CA,0.0,
2015,10,CA,2.0,0.06534090909090909
2015,11,CA,0.0,
2015,12,CA,0.0,
2016,1,CA,0.0,
2016,2,CA,0.0,
2016,3,CA,0.0,
2016,4,CA,0.0,
2016,5,CA,0.0,
2016,6,CA,0.0,
2016,7,CA,0.0,
2016,8,CA,0.0,
2016,9,CA,0.0,
2016,10,CA,0.0,
2016,11,CA,0.0,
2016,12,CA,0.0,
2017,1,CA,0.0,
2017,2,CA,0.0,
2017,3,CA,0.0,
2017,4,CA,0.0,
2017,5,CA,0.0,
2017,6,CA,0.0,
2017,7,CA,30.0,0.19109316378066377
2017,8,CA,66.0,0.07015610651974291
2017,9,CA,24.0,0.17597222222222222
2017,10,CA,32.0,0.23277698863636367
2017,11,CA,25.0,0.09577121212121212
2017,12,CA,23.0,0.18387461572244182
2018,1,CA,20.0,0.07700909090909093
2018,2,CA,40.0,0.09312594696969702
2018,3,CA,61.0,0.1713098786459443
2018,4,CA,35.0,0.19561224489795917
2018,5,CA,21.0,0.133037518037518
2018,6,CA,19.0,0.10461807928913194
2018,7,CA,18.0,0.1662289562289562
2018,8,CA,25.0,0.19148690476190477
2018,9,CA,34.0,0.190370525103981
2018,10,CA,12.0,0.1753066378066378
2018,11,CA,0.0,
2018,12,CA,0.0,
2019,1,CA,0.0,
2019,2,CA,1.0,0.25
2019,3,CA,0.0,
2019,4,CA,0.0,
2019,5,CA,0.0,
2019,6,CA,26.0,0.14434766622266623
2019,7,CA,30.0,0.11562937710437711
2019,8,CA,0.0,
2019,9,CA,0.0,
2019,10,CA,0.0,
2019,11,CA,0.0,
2019,12,CA,0.0,
2020,1,CA,0.0,
2012,1,CO,0.0,
2012,2,CO,0.0,
2012,3,CO,0.0,
2012,4,CO,0.0,
2012,5,CO,0.0,
2012,6,CO,0.0,
2012,7,CO,0.0,
2012,8,CO,0.0,
2012,9,CO,0.0,
2012,10,CO,0.0,
2012,11,CO,0.0,
2012,12,CO,0.0,
2013,1,CO,0.0,
2013,2,CO,0.0,
2013,3,CO,0.0,
2013,4,CO,0.0,
2013,5,CO,0.0,
2013,6,CO,0.0,
2013,7,CO,1.0,0.25
2013,8,CO,0.0,
2013,9,CO,0.0,
2013,10,CO,1.0,0.2
2013,11,CO,0.0,
2013,12,CO,0.0,
2014,1,CO,0.0,
2014,2,CO,0.0,
2014,3,CO,0.0,
2014,4,CO,0.0,
2014,5,CO,0.0,
2014,6,CO,0.0,
2014,7,CO,0.0,
2014,8,CO,0.0,
2014,9,CO,0.0,
2014,10,CO,1.0,0.3
2014,11,CO,0.0,
2014,12,CO,0.0,
2015,1,CO,0.0,
2015,2,CO,0.0,
2015,3,CO,0.0,
2015,4,CO,0.0,
2015,5,CO,0.0,
2015,6,CO,0.0,
2015,7,CO,0.0,
2015,8,CO,0.0,
2015,9,CO,0.0,
2015,10,CO,0.0,
2015,11,CO,0.0,
2015,12,CO,0.0,
2016,1,CO,0.0,
2016,2,CO,0.0,
2016,3,CO,0.0,
2016,4,CO,0.0,
2016,5,CO,0.0,
2016,6,CO,0.0,
2016,7,CO,0.0,
2016,8,CO,0.0,
2016,9,CO,0.0,
2016,10,CO,0.0,
2016,11,CO,0.0,
2016,12,CO,0.0,
2017,1,CO,0.0,
2017,2,CO,0.0,
2017,3,CO,0.0,
2017,4,CO,0.0,
2017,5,CO,0.0,
2017,6,CO,0.0,
2017,7,CO,7.0,0.05357142857142857
2017,8,CO,6.0,0.09166666666666667
2017,9,CO,8.0,0.03125
2017,10,CO,6.0,0.0
2017,11,CO,7.0,0.2257142857142857
2017,12,CO,14.0,0.24698412698412694
2018,1,CO,17.0,0.19931372549019605
2018,2,CO,4.0,0.4416666666666667
2018,3,CO,9.0,0.13194444444444445
2018,4,CO,1.0,0.15
2018,5,CO,3.0,0.029756944444444444
2018,6,CO,7.0,0.028571428571428574
2018,7,CO,12.0,0.15211805555555555
2018,8,CO,1.0,0.10833333333333334
2018,9,CO,5.0,0.15574999999999997
2018,10,CO,2.0,0.09958333333333334
2018,11,CO,0.0,
2018,12,CO,0.0,
2019,1,CO,0.0,
2019,2,CO,0.0,
2019,3,CO,0.0,
2019,4,CO,0.0,
2019,5,CO,0.0,
2019,6,CO,2.0,0.0
2019,7,CO,2.0,0.15
2019,8,CO,0.0,
2019,9,CO,0.0,
2019,10,CO,0.0,
2019,11,CO,0.0,
2019,12,CO,0.0,
2020,1,CO,0.0,
2012,1,CT,0.0,
2012,2,CT,0.0,
2012,3,CT,0.0,
2012,4,CT,0.0,
2012,5,CT,0.0,
2012,6,CT,0.0,
2012,7,CT,0.0,
2012,8,CT,0.0,
2012,9,CT,0.0,
2012,10,CT,0.0,
2012,11,CT,0.0,
2012,12,CT,0.0,
2013,1,CT,0.0,
2013,2,CT,0.0,
2013,3,CT,0.0,
2013,4,CT,0.0,
2013,5,CT,0.0,
2013,6,CT,0.0,
2013,7,CT,0.0,
2013,8,CT,0.0,
2013,9,CT,0.0,
2013,10,CT,0.0,
2013,11,CT,0.0,
2013,12,CT,0.0,
2014,1,CT,0.0,
2014,2,CT,0.0,
2014,3,CT,0.0,
2014,4,CT,0.0,
2014,5,CT,0.0,
2014,6,CT,0.0,
2014,7,CT,0.0,
2014,8,CT,0.0,
2014,9,CT,0.0,
2014,10,CT,0.0,
2014,11,CT,0.0,
2014,12,CT,0.0,
2015,1,CT,0.0,
2015,2,CT,0.0,
2015,3,CT,0.0,
2015,4,CT,0.0,
2015,5,CT,0.0,
2015,6,CT,0.0,
2015,7,CT,0.0,
2015,8,CT,0.0,
2015,9,CT,0.0,
2015,10,CT,0.0,
2015,11,CT,0.0,
2015,12,CT,0.0,
2016,1,CT,1.0,0.075
2016,2,CT,0.0,
2016,3,CT,0.0,
2016,4,CT,0.0,
2016,5,CT,0.0,
2016,6,CT,0.0,
2016,7,CT,0.0,
2016,8,CT,0.0,
2016,9,CT,0.0,
2016,10,CT,0.0,
2016,11,CT,0.0,
2016,12,CT,0.0,
2017,1,CT,0.0,
2017,2,CT,0.0,
2017,3,CT,0.0,
2017,4,CT,0.0,
2017,5,CT,0.0,
2017,6,CT,0.0,
2017,7,CT,7.0,0.09761904761904762
2017,8,CT,2.0,0.125
2017,9,CT,2.0,0.1515151515151515
2017,10,CT,2.0,0.0625
2017,11,CT,1.0,0.175
2017,12,CT,8.0,0.13749999999999998
2018,1,CT,11.0,0.13930735930735932
2018,2,CT,2.0,0.10555555555555556
2018,3,CT,12.0,0.09655647382920109
2018,4,CT,6.0,0.1776388888888889
2018,5,CT,5.0,0.13333333333333333
2018,6,CT,3.0,0.15833333333333333
2018,7,CT,7.0,0.014285714285714287
2018,8,CT,2.0,0.1836309523809524
2018,9,CT,1.0,0.13636363636363635
2018,10,CT,1.0,0.15625
2018,11,CT,0.0,
2018,12,CT,0.0,
2019,1,CT,0.0,
2019,2,CT,0.0,
2019,3,CT,0.0,
2019,4,CT,0.0,
2019,5,CT,0.0,
2019,6,CT,1.0,0.0
2019,7,CT,4.0,0.22533482142857142
2019,8,CT,0.0,
2019,9,CT,0.0,
2019,10,CT,0.0,
2019,11,CT,0.0,
2019,12,CT,0.0,
2020,1,CT,0.0,
2012,1,DE,0.0,
2012,2,DE,0.0,
2012,3,DE,0.0,
2012,4,DE,0.0,
2012,5,DE,0.0,
2012,6,DE,0.0,
2012,7,DE,0.0,
2012,8,DE,0.0,
2012,9,DE,0.0,
2012,10,DE,0.0,
2012,11,DE,0.0,
2012,12,DE,0.0,
2013,1,DE,0.0,
2013,2,DE,0.0,
2013,3,DE,0.0,
2013,4,DE,0.0,
2013,5,DE,0.0,
2013,6,DE,0.0,
2013,7,DE,0.0,
2013,8,DE,0.0,
2013,9,DE,0.0,
2013,10,DE,0.0,
2013,11,DE,0.0,
2013,12,DE,0.0,
2014,1,DE,0.0,
2014,2,DE,0.0,
2014,3,DE,0.0,
2014,4,DE,0.0,
2014,5,DE,0.0,
2014,6,DE,0.0,
2014,7,DE,0.0,
2014,8,DE,0.0,
2014,9,DE,0.0,
2014,10,DE,0.0,
2014,11,DE,0.0,
2014,12,DE,0.0,
2015,1,DE,0.0,
2015,2,DE,0.0,
2015,3,DE,0.0,
2015,4,DE,0.0,
2015,5,DE,0.0,
2015,6,DE,0.0,
2015,7,DE,0.0,
2015,8,DE,0.0,
2015,9,DE,0.0,
2015,10,DE,0.0,
2015,11,DE,0.0,
2015,12,DE,0.0,
2016,1,DE,0.0,
2016,2,DE,0.0,
2016,3,DE,0.0,
2016,4,DE,0.0,
2016,5,DE,0.0,
2016,6,DE,0.0,
2016,7,DE,0.0,
2016,8,DE,0.0,
2016,9,DE,0.0,
2016,10,DE,0.0,
2016,11,DE,0.0,
2016,12,DE,0.0,
2017,1,DE,0.0,
2017,2,DE,0.0,
2017,3,DE,0.0,
2017,4,DE,0.0,
2017,5,DE,0.0,
2017,6,DE,0.0,
2017,7,DE,2.0,0.049999999999999996
2017,8,DE,1.0,0.0
2017,9,DE,1.0,0.0
2017,10,DE,0.0,
2017,11,DE,1.0,0.16666666666666666
2017,12,DE,0.0,
2018,1,DE,3.0,0.10194444444444445
2018,2,DE,0.0,
2018,3,DE,7.0,0.02142857142857143
2018,4,DE,0.0,
2018,5,DE,3.0,0.17555555555555555
2018,6,DE,1.0,0.43125
2018,7,DE,0.0,
2018,8,DE,1.0,0.08611111111111112
2018,9,DE,0.0,
2018,10,DE,1.0,0.0
2018,11,DE,0.0,
2018,12,DE,0.0,
2019,1,DE,0.0,
2019,2,DE,0.0,
2019,3,DE,0.0,
2019,4,DE,0.0,
2019,5,DE,0.0,
2019,6,DE,3.0,0.3336111111111111
2019,7,DE,4.0,0.100625
2019,8,DE,0.0,
2019,9,DE,0.0,
2019,10,DE,0.0,
2019,11,DE,0.0,
2019,12,DE,0.0,
2020,1,DE,0.0,
2012,1,FL,0.0,
2012,2,FL,0.0,
2012,3,FL,0.0,
2012,4,FL,0.0,
2012,5,FL,0.0,
2012,6,FL,0.0,
2012,7,FL,0.0,
2012,8,FL,0.0,
2012,9,FL,0.0,
2012,10,FL,0.0,
2012,11,FL,0.0,
2012,12,FL,0.0,
2013,1,FL,0.0,
2013,2,FL,0.0,
2013,3,FL,0.0,
2013,4,FL,0.0,
2013,5,FL,0.0,
2013,6,FL,0.0,
2013,7,FL,1.0,-0.0625
2013,8,FL,0.0,
2013,9,FL,0.0,
2013,10,FL,0.0,
2013,11,FL,0.0,
2013,12,FL,0.0,
2014,1,FL,0.0,
2014,2,FL,0.0,
2014,3,FL,0.0,
2014,4,FL,0.0,
2014,5,FL,1.0,0.03125
2014,6,FL,1.0,0.3
2014,7,FL,0.0,
2014,8,FL,0.0,
2014,9,FL,0.0,
2014,10,FL,0.0,
2014,11,FL,0.0,
2014,12,FL,0.0,
2015,1,FL,0.0,
2015,2,FL,0.0,
2015,3,FL,0.0,
2015,4,FL,0.0,
2015,5,FL,0.0,
2015,6,FL,0.0,
2015,7,FL,0.0,
2015,8,FL,0.0,
2015,9,FL,0.0,
2015,10,FL,0.0,
2015,11,FL,0.0,
2015,12,FL,0.0,
2016,1,FL,0.0,
2016,2,FL,0.0,
2016,3,FL,0.0,
2016,4,FL,0.0,
2016,5,FL,0.0,
2016,6,FL,0.0,
2016,7,FL,0.0,
2016,8,FL,0.0,
2016,9,FL,0.0,
2016,10,FL,0.0,
2016,11,FL,0.0,
2016,12,FL,0.0,
2017,1,FL,0.0,
2017,2,FL,0.0,
2017,3,FL,0.0,
2017,4,FL,0.0,
2017,5,FL,0.0,
2017,6,FL,0.0,
2017,7,FL,7.0,0.0
2017,8,FL,9.0,0.048888888888888885
2017,9,FL,6.0,0.125
2017,10,FL,17.0,0.19225490196078432
2017,11,FL,3.0,0.0
2017,12,FL,6.0,0.10896464646464647
2018,1,FL,9.0,0.1345679012345679
2018,2,FL,5.0,0.07796717171717171
2018,3,FL,16.0,0.14546130952380948
2018,4,FL,4.0,0.10833333333333334
2018,5,FL,5.0,0.20041666666666663
2018,6,FL,8.0,0.15494397095959594
2018,7,FL,2.0,0.075
2018,8,FL,4.0,0.13229166666666667
2018,9,FL,12.0,0.04522569444444444
2018,10,FL,1.0,0.17777777777777778
2018,11,FL,0.0,
2018,12,FL,0.0,
2019,1,FL,0.0,
2019,2,FL,0.0,
2019,3,FL,0.0,
2019,4,FL,0.0,
2019,5,FL,0.0,
2019,6,FL,12.0,0.14491735537190084
2019,7,FL,24.0,0.08354377104377103
2019,8,FL,0.0,
2019,9,FL,0.0,
2019,10,FL,0.0,
2019,11,FL,0.0,
2019,12,FL,0.0,
2020,1,FL,0.0,
2012,1,GA,0.0,
2012,2,GA,0.0,
2012,3,GA,0.0,
2012,4,GA,0.0,
2012,5,GA,0.0,
2012,6,GA,0.0,
2012,7,GA,0.0,
2012,8,GA,0.0,
2012,9,GA,0.0,
2012,10,GA,0.0,
2012,11,GA,0.0,
2012,12,GA,0.0,
2013,1,GA,0.0,
2013,2,GA,0.0,
2013,3,GA,0.0,
2013,4,GA,0.0,
2013,5,GA,0.0,
2013,6,GA,0.0,
2013,7,GA,0.0,
2013,8,GA,0.0,
2013,9,GA,0.0,
2013,10,GA,0.0,
2013,11,GA,0.0,
2013,12,GA,0.0,
2014,1,GA,0.0,
2014,2,GA,0.0,
2014,3,GA,0.0,
2014,4,GA,0.0,
2014,5,GA,1.0,0.0
2014,6,GA,1.0,0.28125
2014,7,GA,1.0,0.0
2014,8,GA,0.0,
2014,9,GA,0.0,
2014,10,GA,1.0,0.0625
2014,11,GA,0.0,
2014,12,GA,2.0,0.45
2015,1,GA,0.0,
2015,2,GA,0.0,
2015,3,GA,0.0,
2015,4,GA,1.0,0.0375
2015,5,GA,0.0,
2015,6,GA,0.0,
2015,7,GA,0.0,
2015,8,GA,0.0,
2015,9,GA,0.0,
2015,10,GA,0.0,
2015,11,GA,0.0,
2015,12,GA,0.0,
2016,1,GA,0.0,
2016,2,GA,0.0,
2016,3,GA,0.0,
2016,4,GA,0.0,
2016,5,GA,0.0,
2016,6,GA,0.0,
2016,7,GA,0.0,
2016,8,GA,0.0,
2016,9,GA,0.0,
2016,10,GA,0.0,
2016,11,GA,0.0,
2016,12,GA,0.0,
2017,1,GA,0.0,
2017,2,GA,0.0,
2017,3,GA,0.0,
2017,4,GA,0.0,
2017,5,GA,0.0,
2017,6,GA,0.0,
2017,7,GA,9.0,0.2175925925925926
2017,8,GA,8.0,0.19243844696969695
2017,9,GA,21.0,0.006493506493506493
2017,10,GA,6.0,0.19375
2017,11,GA,17.0,0.24666272759103644
2017,12,GA,9.0,0.05090909090909091
2018,1,GA,10.0,0.15683333333333332
2018,2,GA,11.0,0.13958333333333336
2018,3,GA,10.0,0.14499999999999996
2018,4,GA,1.0,0.2
2018,5,GA,7.0,0.11119047619047619
2018,6,GA,4.0,0.011363636363636362
2018,7,GA,5.0,0.316
2018,8,GA,9.0,0.08641975308641975
2018,9,GA,14.0,0.28261054421768705
2018,10,GA,5.0,0.09791666666666668
2018,11,GA,0.0,
2018,12,GA,0.0,
2019,1,GA,0.0,
2019,2,GA,0.0,
2019,3,GA,0.0,
2019,4,GA,1.0,0.5
2019,5,GA,0.0,
2019,6,GA,5.0,0.14464393939393938
2019,7,GA,8.0,0.12305961399711399
2019,8,GA,0.0,
2019,9,GA,0.0,
2019,10,GA,0.0,
2019,11,GA,0.0,
2019,12,GA,0.0,
2020,1,GA,0.0,
2012,1,HI,0.0,
2012,2,HI,0.0,
2012,3,HI,0.0,
2012,4,HI,0.0,
2012,5,HI,0.0,
2012,6,HI,0.0,
2012,7,HI,0.0,
2012,8,HI,0.0,
2012,9,HI,0.0,
2012,10,HI,0.0,
2012,11,HI,0.0,
2012,12,HI,0.0,
2013,1,HI,0.0,
2013,2,HI,0.0,
2013,3,HI,0.0,
2013,4,HI,0.0,
2013,5,HI,0.0,
2013,6,HI,0.0,
2013,7,HI,0.0,
2013,8,HI,0.0,
2013,9,HI,0.0,
2013,10,HI,0.0,
2013,11,HI,0.0,
2013,12,HI,0.0,
2014,1,HI,0.0,
2014,2,HI,0.0,
2014,3,HI,0.0,
2014,4,HI,0.0,
2014,5,HI,0.0,
2014,6,HI,0.0,
2014,7,HI,0.0,
2014,8,HI,0.0,
2014,9,HI,0.0,
2014,10,HI,0.0,
2014,11,HI,0.0,
2014,12,HI,0.0,
2015,1,HI,0.0,
2015,2,HI,0.0,
2015,3,HI,0.0,
2015,4,HI,0.0,
2015,5,HI,0.0,
2015,6,HI,0.0,
2015,7,HI,0.0,
2015,8,HI,0.0,
2015,9,HI,0.0,
2015,10,HI,0.0,
2015,11,HI,0.0,
2015,12,HI,0.0,
2016,1,HI,0.0,
2016,2,HI,0.0,
2016,3,HI,0.0,
2016,4,HI,0.0,
2016,5,HI,0.0,
2016,6,HI,0.0,
2016,7,HI,0.0,
2016,8,HI,0.0,
2016,9,HI,0.0,
2016,10,HI,0.0,
2016,11,HI,0.0,
2016,12,HI,0.0,
2017,1,HI,0.0,
2017,2,HI,0.0,
2017,3,HI,0.0,
2017,4,HI,0.0,
2017,5,HI,0.0,
2017,6,HI,0.0,
2017,7,HI,0.0,
2017,8,HI,0.0,
2017,9,HI,5.0,0.0
2017,10,HI,0.0,
2017,11,HI,1.0,0.48000000000000004
2017,12,HI,0.0,
2018,1,HI,0.0,
2018,2,HI,2.0,0.6833333333333333
2018,3,HI,0.0,
2018,4,HI,1.0,0.2388888888888889
2018,5,HI,0.0,
2018,6,HI,0.0,
2018,7,HI,2.0,0.275
2018,8,HI,0.0,
2018,9,HI,6.0,0.06944444444444443
2018,10,HI,0.0,
2018,11,HI,0.0,
2018,12,HI,0.0,
2019,1,HI,0.0,
2019,2,HI,0.0,
2019,3,HI,0.0,
2019,4,HI,0.0,
2019,5,HI,0.0,
2019,6,HI,1.0,0.18333333333333335
2019,7,HI,0.0,
2019,8,HI,0.0,
2019,9,HI,0.0,
2019,10,HI,0.0,
2019,11,HI,0.0,
2019,12,HI,0.0,
2020,1,HI,0.0,
2012,1,ID,0.0,
2012,2,ID,0.0,
2012,3,ID,0.0,
2012,4,ID,0.0,
2012,5,ID,0.0,
2012,6,ID,0.0,
2012,7,ID,0.0,
2012,8,ID,0.0,
2012,9,ID,0.0,
2012,10,ID,0.0,
2012,11,ID,0.0,
2012,12,ID,0.0,
2013,1,ID,0.0,
2013,2,ID,0.0,
2013,3,ID,0.0,
2013,4,ID,0.0,
2013,5,ID,0.0,
2013,6,ID,0.0,
2013,7,ID,0.0,
2013,8,ID,0.0,
2013,9,ID,0.0,
2013,10,ID,0.0,
2013,11,ID,0.0,
2013,12,ID,0.0,
2014,1,ID,0.0,
2014,2,ID,0.0,
2014,3,ID,0.0,
2014,4,ID,0.0,
2014,5,ID,0.0,
2014,6,ID,0.0,
2014,7,ID,0.0,
2014,8,ID,0.0,
2014,9,ID,0.0,
2014,10,ID,0.0,
2014,11,ID,0.0,
2014,12,ID,0.0,
2015,1,ID,0.0,
2015,2,ID,0.0,
2015,3,ID,0.0,
2015,4,ID,0.0,
2015,5,ID,0.0,
2015,6,ID,0.0,
2015,7,ID,0.0,
2015,8,ID,0.0,
2015,9,ID,0.0,
2015,10,ID,0.0,
2015,11,ID,0.0,
2015,12,ID,0.0,
2016,1,ID,0.0,
2016,2,ID,0.0,
2016,3,ID,0.0,
2016,4,ID,0.0,
2016,5,ID,0.0,
2016,6,ID,0.0,
2016,7,ID,0.0,
2016,8,ID,0.0,
2016,9,ID,0.0,
2016,10,ID,0.0,
2016,11,ID,0.0,
2016,12,ID,0.0,
2017,1,ID,0.0,
2017,2,ID,0.0,
2017,3,ID,0.0,
2017,4,ID,0.0,
2017,5,ID,0.0,
2017,6,ID,0.0,
2017,7,ID,0.0,
2017,8,ID,0.0,
2017,9,ID,0.0,
2017,10,ID,0.0,
2017,11,ID,0.0,
2017,12,ID,0.0,
2018,1,ID,0.0,
2018,2,ID,0.0,
2018,3,ID,1.0,0.15
2018,4,ID,0.0,
2018,5,ID,0.0,
2018,6,ID,0.0,
2018,7,ID,0.0,
2018,8,ID,2.0,0.1125
2018,9,ID,2.0,0.1125
2018,10,ID,0.0,
2018,11,ID,0.0,
2018,12,ID,0.0,
2019,1,ID,0.0,
2019,2,ID,0.0,
2019,3,ID,0.0,
2019,4,ID,0.0,
2019,5,ID,0.0,
2019,6,ID,7.0,0.1464285714285714
2019,7,ID,0.0,
2019,8,ID,0.0,
2019,9,ID,0.0,
2019,10,ID,0.0,
2019,11,ID,0.0,
2019,12,ID,0.0,
2020,1,ID,0.0,
2012,1,IL,0.0,
2012,2,IL,0.0,
2012,3,IL,1.0,0.0
2012,4,IL,0.0,
2012,5,IL,0.0,
2012,6,IL,1.0,0.0
2012,7,IL,1.0,0.0
2012,8,IL,0.0,
2012,9,IL,0.0,
2012,10,IL,0.0,
2012,11,IL,1.0,0.0
2012,12,IL,0.0,
2013,1,IL,0.0,
2013,2,IL,0.0,
2013,3,IL,0.0,
2013,4,IL,1.0,0.1
2013,5,IL,0.0,
2013,6,IL,0.0,
2013,7,IL,0.0,
2013,8,IL,0.0,
2013,9,IL,0.0,
2013,10,IL,2.0,0.146875
2013,11,IL,2.0,0.0
2013,12,IL,0.0,
2014,1,IL,0.0,
2014,2,IL,0.0,
2014,3,IL,0.0,
2014,4,IL,0.0,
2014,5,IL,0.0,
2014,6,IL,0.0,
2014,7,IL,0.0,
2014,8,IL,0.0,
2014,9,IL,0.0,
2014,10,IL,0.0,
2014,11,IL,0.0,
2014,12,IL,1.0,0.08
2015,1,IL,0.0,
2015,2,IL,1.0,0.0
2015,3,IL,0.0,
2015,4,IL,1.0,0.25833333333333336
2015,5,IL,0.0,
2015,6,IL,0.0,
2015,7,IL,0.0,
2015,8,IL,0.0,
2015,9,IL,0.0,
2015,10,IL,0.0,
2015,11,IL,0.0,
2015,12,IL,0.0,
2016,1,IL,0.0,
2016,2,IL,0.0,
2016,3,IL,0.0,
2016,4,IL,0.0,
2016,5,IL,0.0,
2016,6,IL,0.0,
2016,7,IL,0.0,
2016,8,IL,0.0,
2016,9,IL,0.0,
2016,10,IL,0.0,
2016,11,IL,0.0,
2016,12,IL,0.0,
2017,1,IL,0.0,
2017,2,IL,1.0,0.0
2017,3,IL,0.0,
2017,4,IL,0.0,
2017,5,IL,0.0,
2017,6,IL,0.0,
2017,7,IL,9.0,0.09553872053872053
2017,8,IL,20.0,0.1325
2017,9,IL,2.0,0.0
2017,10,IL,6.0,0.08749999999999998
2017,11,IL,4.0,0.10555397727272728
2017,12,IL,5.0,0.04083333333333333
2018,1,IL,6.0,-0.0037499999999999994
2018,2,IL,9.0,0.06976010101010102
2018,3,IL,20.0,0.17124999999999996
2018,4,IL,15.0,0.10561111111111111
2018,5,IL,12.0,0.1335532407407408
2018,6,IL,5.0,0.05863636363636363
2018,7,IL,8.0,0.11159090909090909
2018,8,IL,4.0,0.3443892045454545
2018,9,IL,9.0,0.033101851851851855
2018,10,IL,5.0,0.16499999999999998
2018,11,IL,0.0,
2018,12,IL,0.0,
2019,1,IL,0.0,
2019,2,IL,0.0,
2019,3,IL,0.0,
2019,4,IL,0.0,
2019,5,IL,0.0,
2019,6,IL,7.0,0.2623436748436749
2019,7,IL,5.0,0.23957777777777775
2019,8,IL,0.0,
2019,9,IL,0.0,
2019,10,IL,0.0,
2019,11,IL,0.0,
2019,12,IL,0.0,
2020,1,IL,0.0,
2012,1,IN,0.0,
2012,2,IN,0.0,
2012,3,IN,0.0,
2012,4,IN,0.0,
2012,5,IN,0.0,
2012,6,IN,0.0,
2012,7,IN,0.0,
2012,8,IN,0.0,
2012,9,IN,0.0,
2012,10,IN,0.0,
2012,11,IN,0.0,
2012,12,IN,0.0,
2013,1,IN,0.0,
2013,2,IN,0.0,
2013,3,IN,0.0,
2013,4,IN,0.0,
2013,5,IN,0.0,
2013,6,IN,0.0,
2013,7,IN,0.0,
2013,8,IN,0.0,
2013,9,IN,0.0,
2013,10,IN,0.0,
2013,11,IN,0.0,
2013,12,IN,0.0,
2014,1,IN,0.0,
2014,2,IN,0.0,
2014,3,IN,0.0,
2014,4,IN,0.0,
2014,5,IN,0.0,
2014,6,IN,0.0,
2014,7,IN,1.0,0.25
2014,8,IN,0.0,
2014,9,IN,1.0,0.0
2014,10,IN,0.0,
2014,11,IN,0.0,
2014,12,IN,2.0,0.125
2015,1,IN,0.0,
2015,2,IN,0.0,
2015,3,IN,0.0,
2015,4,IN,0.0,
2015,5,IN,0.0,
2015,6,IN,0.0,
2015,7,IN,0.0,
2015,8,IN,0.0,
2015,9,IN,0.0,
2015,10,IN,0.0,
2015,11,IN,0.0,
2015,12,IN,0.0,
2016,1,IN,0.0,
2016,2,IN,0.0,
2016,3,IN,0.0,
2016,4,IN,0.0,
2016,5,IN,0.0,
2016,6,IN,0.0,
2016,7,IN,0.0,
2016,8,IN,1.0,0.0
2016,9,IN,0.0,
2016,10,IN,0.0,
2016,11,IN,0.0,
2016,12,IN,0.0,
2017,1,IN,0.0,
2017,2,IN,0.0,
2017,3,IN,0.0,
2017,4,IN,0.0,
2017,5,IN,0.0,
2017,6,IN,1.0,0.1
2017,7,IN,7.0,0.06696428571428571
2017,8,IN,8.0,0.0812689393939394
2017,9,IN,8.0,0.1703125
2017,10,IN,2.0,0.030000000000000006
2017,11,IN,10.0,0.0
2017,12,IN,6.0,0.27499999999999997
2018,1,IN,5.0,0.02
2018,2,IN,10.0,0.215
2018,3,IN,16.0,0.11197916666666664
2018,4,IN,1.0,0.16222222222222224
2018,5,IN,6.0,0.31131313131313126
2018,6,IN,5.0,0.13409090909090907
2018,7,IN,39.0,0.1908872377622378
2018,8,IN,2.0,0.11374999999999999
2018,9,IN,12.0,0.019965277777777776
2018,10,IN,1.0,0.0
2018,11,IN,0.0,
2018,12,IN,0.0,
2019,1,IN,0.0,
2019,2,IN,0.0,
2019,3,IN,0.0,
2019,4,IN,0.0,
2019,5,IN,0.0,
2019,6,IN,10.0,0.30088359788359786
2019,7,IN,1.0,0.0
2019,8,IN,0.0,
2019,9,IN,0.0,
2019,10,IN,0.0,
2019,11,IN,0.0,
2019,12,IN,0.0,
2020,1,IN,0.0,
2012,1,IA,0.0,
2012,2,IA,0.0,
2012,3,IA,0.0,
2012,4,IA,0.0,
2012,5,IA,0.0,
2012,6,IA,0.0,
2012,7,IA,0.0,
2012,8,IA,0.0,
2012,9,IA,0.0,
2012,10,IA,0.0,
2012,11,IA,1.0,0.3
2012,12,IA,0.0,
2013,1,IA,0.0,
2013,2,IA,0.0,
2013,3,IA,0.0,
2013,4,IA,0.0,
2013,5,IA,0.0,
2013,6,IA,0.0,
2013,7,IA,0.0,
2013,8,IA,0.0,
2013,9,IA,0.0,
2013,10,IA,0.0,
2013,11,IA,0.0,
2013,12,IA,0.0,
2014,1,IA,0.0,
2014,2,IA,0.0,
2014,3,IA,0.0,
2014,4,IA,0.0,
2014,5,IA,0.0,
2014,6,IA,0.0,
2014,7,IA,0.0,
2014,8,IA,0.0,
2014,9,IA,0.0,
2014,10,IA,0.0,
2014,11,IA,0.0,
2014,12,IA,0.0,
2015,1,IA,0.0,
2015,2,IA,0.0,
2015,3,IA,0.0,
2015,4,IA,0.0,
2015,5,IA,0.0,
2015,6,IA,0.0,
2015,7,IA,0.0,
2015,8,IA,0.0,
2015,9,IA,0.0,
2015,10,IA,0.0,
2015,11,IA,0.0,
2015,12,IA,0.0,
2016,1,IA,0.0,
2016,2,IA,0.0,
2016,3,IA,0.0,
2016,4,IA,0.0,
2016,5,IA,0.0,
2016,6,IA,0.0,
2016,7,IA,0.0,
2016,8,IA,0.0,
2016,9,IA,0.0,
2016,10,IA,0.0,
2016,11,IA,0.0,
2016,12,IA,0.0,
2017,1,IA,0.0,
2017,2,IA,0.0,
2017,3,IA,0.0,
2017,4,IA,0.0,
2017,5,IA,0.0,
2017,6,IA,0.0,
2017,7,IA,10.0,0.07515151515151515
2017,8,IA,13.0,0.21765734265734266
2017,9,IA,33.0,0.024207988980716248
2017,10,IA,22.0,0.09318181818181817
2017,11,IA,8.0,0.13020833333333331
2017,12,IA,14.0,0.1383829365079365
2018,1,IA,3.0,0.26805555555555555
2018,2,IA,1.0,0.0
2018,3,IA,9.0,0.21111111111111108
2018,4,IA,2.0,0.0
2018,5,IA,4.0,0.2102272727272727
2018,6,IA,7.0,0.10787337662337662
2018,7,IA,3.0,0.09999999999999999
2018,8,IA,0.0,
2018,9,IA,4.0,-0.10270833333333333
2018,10,IA,10.0,0.05121212121212121
2018,11,IA,0.0,
2018,12,IA,0.0,
2019,1,IA,0.0,
2019,2,IA,0.0,
2019,3,IA,0.0,
2019,4,IA,0.0,
2019,5,IA,0.0,
2019,6,IA,5.0,0.11928030303030304
2019,7,IA,6.0,0.17694444444444443
2019,8,IA,0.0,
2019,9,IA,0.0,
2019,10,IA,0.0,
2019,11,IA,0.0,
2019,12,IA,0.0,
2020,1,IA,0.0,
2012,1,KS,0.0,
2012,2,KS,0.0,
2012,3,KS,0.0,
2012,4,KS,0.0,
2012,5,KS,0.0,
2012,6,KS,0.0,
2012,7,KS,0.0,
2012,8,KS,0.0,
2012,9,KS,0.0,
2012,10,KS,0.0,
2012,11,KS,0.0,
2012,12,KS,0.0,
2013,1,KS,0.0,
2013,2,KS,0.0,
2013,3,KS,0.0,
2013,4,KS,0.0,
2013,5,KS,0.0,
2013,6,KS,0.0,
2013,7,KS,0.0,
2013,8,KS,0.0,
2013,9,KS,0.0,
2013,10,KS,0.0,
2013,11,KS,0.0,
2013,12,KS,0.0,
2014,1,KS,0.0,
2014,2,KS,0.0,
2014,3,KS,0.0,
2014,4,KS,0.0,
2014,5,KS,0.0,
2014,6,KS,0.0,
2014,7,KS,0.0,
2014,8,KS,0.0,
2014,9,KS,0.0,
2014,10,KS,0.0,
2014,11,KS,0.0,
2014,12,KS,0.0,
2015,1,KS,0.0,
2015,2,KS,1.0,0.0
2015,3,KS,0.0,
2015,4,KS,0.0,
2015,5,KS,0.0,
2015,6,KS,0.0,
2015,7,KS,0.0,
2015,8,KS,0.0,
2015,9,KS,0.0,
2015,10,KS,0.0,
2015,11,KS,0.0,
2015,12,KS,0.0,
2016,1,KS,0.0,
2016,2,KS,0.0,
2016,3,KS,0.0,
2016,4,KS,0.0,
2016,5,KS,0.0,
2016,6,KS,0.0,
2016,7,KS,0.0,
2016,8,KS,0.0,
2016,9,KS,0.0,
2016,10,KS,0.0,
2016,11,KS,0.0,
2016,12,KS,0.0,
2017,1,KS,0.0,
2017,2,KS,0.0,
2017,3,KS,0.0,
2017,4,KS,0.0,
2017,5,KS,0.0,
2017,6,KS,0.0,
2017,7,KS,4.0,0.08125
2017,8,KS,9.0,0.06597222222222222
2017,9,KS,8.0,0.14100378787878787
2017,10,KS,8.0,0.11024305555555555
2017,11,KS,4.0,0.2361111111111111
2017,12,KS,0.0,
2018,1,KS,11.0,0.06818181818181818
2018,2,KS,6.0,0.13020833333333334
2018,3,KS,14.0,0.10051960935889506
2018,4,KS,1.0,0.4166666666666667
2018,5,KS,8.0,0.0275
2018,6,KS,3.0,0.16666666666666666
2018,7,KS,2.0,0.20106060606060605
2018,8,KS,10.0,0.2759319196428572
2018,9,KS,1.0,0.016666666666666666
2018,10,KS,1.0,0.0
2018,11,KS,0.0,
2018,12,KS,0.0,
2019,1,KS,0.0,
2019,2,KS,0.0,
2019,3,KS,0.0,
2019,4,KS,0.0,
2019,5,KS,0.0,
2019,6,KS,0.0,
2019,7,KS,1.0,-0.05
2019,8,KS,0.0,
2019,9,KS,0.0,
2019,10,KS,0.0,
2019,11,KS,0.0,
2019,12,KS,0.0,
2020,1,KS,0.0,
2012,1,KY,0.0,
2012,2,KY,0.0,
2012,3,KY,0.0,
2012,4,KY,0.0,
2012,5,KY,0.0,
2012,6,KY,0.0,
2012,7,KY,1.0,0.0
2012,8,KY,0.0,
2012,9,KY,0.0,
2012,10,KY,0.0,
2012,11,KY,0.0,
2012,12,KY,0.0,
2013,1,KY,0.0,
2013,2,KY,0.0,
2013,3,KY,1.0,0.1875
2013,4,KY,0.0,
2013,5,KY,0.0,
2013,6,KY,0.0,
2013,7,KY,0.0,
2013,8,KY,1.0,0.1
2013,9,KY,0.0,
2013,10,KY,0.0,
2013,11,KY,2.0,0.0
2013,12,KY,1.0,0.1
2014,1,KY,0.0,
2014,2,KY,0.0,
2014,3,KY,2.0,0.075
2014,4,KY,0.0,
2014,5,KY,1.0,0.0
2014,6,KY,2.0,0.0
2014,7,KY,0.0,
2014,8,KY,0.0,
2014,9,KY,1.0,0.0
2014,10,KY,1.0,0.25
2014,11,KY,1.0,-0.375
2014,12,KY,1.0,0.3
2015,1,KY,1.0,0.0
2015,2,KY,1.0,0.18333333333333335
2015,3,KY,0.0,
2015,4,KY,0.0,
2015,5,KY,0.0,
2015,6,KY,0.0,
2015,7,KY,0.0,
2015,8,KY,0.0,
2015,9,KY,0.0,
2015,10,KY,0.0,
2015,11,KY,0.0,
2015,12,KY,0.0,
2016,1,KY,0.0,
2016,2,KY,0.0,
2016,3,KY,0.0,
2016,4,KY,0.0,
2016,5,KY,0.0,
2016,6,KY,0.0,
2016,7,KY,0.0,
2016,8,KY,0.0,
2016,9,KY,0.0,
2016,10,KY,0.0,
2016,11,KY,0.0,
2016,12,KY,0.0,
2017,1,KY,0.0,
2017,2,KY,0.0,
2017,3,KY,0.0,
2017,4,KY,0.0,
2017,5,KY,0.0,
2017,6,KY,0.0,
2017,7,KY,7.0,0.09047619047619047
2017,8,KY,10.0,0.24196969696969695
2017,9,KY,23.0,0.2567028985507247
2017,10,KY,5.0,0.2
2017,11,KY,11.0,0.10272727272727274
2017,12,KY,2.0,0.0
2018,1,KY,13.0,0.1389423076923077
2018,2,KY,6.0,0.11609848484848484
2018,3,KY,8.0,0.15468749999999998
2018,4,KY,11.0,0.09132575757575757
2018,5,KY,14.0,0.11655505952380951
2018,6,KY,10.0,0.13
2018,7,KY,6.0,0.1296401515151515
2018,8,KY,6.0,0.0749537037037037
2018,9,KY,7.0,0.18851190476190477
2018,10,KY,4.0,0.21333333333333335
2018,11,KY,0.0,
2018,12,KY,0.0,
2019,1,KY,0.0,
2019,2,KY,0.0,
2019,3,KY,0.0,
2019,4,KY,0.0,
2019,5,KY,0.0,
2019,6,KY,4.0,0.24161931818181814
2019,7,KY,2.0,0.06420454545454546
2019,8,KY,0.0,
2019,9,KY,0.0,
2019,10,KY,0.0,
2019,11,KY,0.0,
2019,12,KY,0.0,
2020,1,KY,0.0,
2012,1,LA,0.0,
2012,2,LA,0.0,
2012,3,LA,0.0,
2012,4,LA,0.0,
2012,5,LA,0.0,
2012,6,LA,0.0,
2012,7,LA,0.0,
2012,8,LA,0.0,
2012,9,LA,0.0,
2012,10,LA,0.0,
2012,11,LA,0.0,
2012,12,LA,0.0,
2013,1,LA,0.0,
2013,2,LA,0.0,
2013,3,LA,0.0,
2013,4,LA,0.0,
2013,5,LA,0.0,
2013,6,LA,0.0,
2013,7,LA,0.0,
2013,8,LA,0.0,
2013,9,LA,0.0,
2013,10,LA,1.0,0.025000000000000015
2013,11,LA,0.0,
2013,12,LA,0.0,
2014,1,LA,0.0,
2014,2,LA,0.0,
2014,3,LA,0.0,
2014,4,LA,0.0,
2014,5,LA,0.0,
2014,6,LA,0.0,
2014,7,LA,0.0,
2014,8,LA,1.0,0.0
2014,9,LA,0.0,
2014,10,LA,0.0,
2014,11,LA,0.0,
2014,12,LA,0.0,
2015,1,LA,0.0,
2015,2,LA,0.0,
2015,3,LA,0.0,
2015,4,LA,0.0,
2015,5,LA,0.0,
2015,6,LA,0.0,
2015,7,LA,0.0,
2015,8,LA,0.0,
2015,9,LA,0.0,
2015,10,LA,0.0,
2015,11,LA,0.0,
2015,12,LA,0.0,
2016,1,LA,0.0,
2016,2,LA,0.0,
2016,3,LA,0.0,
2016,4,LA,0.0,
2016,5,LA,0.0,
2016,6,LA,0.0,
2016,7,LA,0.0,
2016,8,LA,0.0,
2016,9,LA,0.0,
2016,10,LA,0.0,
2016,11,LA,0.0,
2016,12,LA,0.0,
2017,1,LA,0.0,
2017,2,LA,0.0,
2017,3,LA,0.0,
2017,4,LA,0.0,
2017,5,LA,0.0,
2017,6,LA,0.0,
2017,7,LA,2.0,0.0
2017,8,LA,10.0,0.025757575757575757
2017,9,LA,2.0,0.125
2017,10,LA,7.0,0.0986607142857143
2017,11,LA,2.0,0.3333333333333333
2017,12,LA,3.0,0.04907407407407407
2018,1,LA,4.0,0.11875
2018,2,LA,2.0,-0.11777777777777777
2018,3,LA,2.0,0.17555555555555558
2018,4,LA,1.0,0.2333333333333333
2018,5,LA,1.0,0.05
2018,6,LA,1.0,0.09444444444444444
2018,7,LA,0.0,
2018,8,LA,4.0,0.125625
2018,9,LA,3.0,0.12268518518518519
2018,10,LA,0.0,
2018,11,LA,0.0,
2018,12,LA,0.0,
2019,1,LA,0.0,
2019,2,LA,0.0,
2019,3,LA,0.0,
2019,4,LA,0.0,
2019,5,LA,0.0,
2019,6,LA,3.0,0.16382575757575757
2019,7,LA,0.0,
2019,8,LA,0.0,
2019,9,LA,0.0,
2019,10,LA,0.0,
2019,11,LA,0.0,
2019,12,LA,0.0,
2020,1,LA,0.0,
2012,1,ME,0.0,
2012,2,ME,0.0,
2012,3,ME,0.0,
2012,4,ME,0.0,
2012,5,ME,0.0,
2012,6,ME,0.0,
2012,7,ME,0.0,
2012,8,ME,0.0,
2012,9,ME,0.0,
2012,10,ME,0.0,
2012,11,ME,0.0,
2012,12,ME,0.0,
2013,1,ME,0.0,
2013,2,ME,0.0,
2013,3,ME,0.0,
2013,4,ME,0.0,
2013,5,ME,0.0,
2013,6,ME,0.0,
2013,7,ME,0.0,
2013,8,ME,0.0,
2013,9,ME,0.0,
2013,10,ME,0.0,
2013,11,ME,0.0,
2013,12,ME,0.0,
2014,1,ME,0.0,
2014,2,ME,0.0,
2014,3,ME,0.0,
2014,4,ME,0.0,
2014,5,ME,0.0,
2014,6,ME,0.0,
2014,7,ME,0.0,
2014,8,ME,0.0,
2014,9,ME,0.0,
2014,10,ME,0.0,
2014,11,ME,0.0,
2014,12,ME,0.0,
2015,1,ME,0.0,
2015,2,ME,0.0,
2015,3,ME,0.0,
2015,4,ME,0.0,
2015,5,ME,0.0,
2015,6,ME,0.0,
2015,7,ME,0.0,
2015,8,ME,0.0,
2015,9,ME,0.0,
2015,10,ME,0.0,
2015,11,ME,0.0,
2015,12,ME,0.0,
2016,1,ME,0.0,
2016,2,ME,0.0,
2016,3,ME,0.0,
2016,4,ME,0.0,
2016,5,ME,0.0,
2016,6,ME,0.0,
2016,7,ME,0.0,
2016,8,ME,0.0,
2016,9,ME,0.0,
2016,10,ME,0.0,
2016,11,ME,0.0,
2016,12,ME,0.0,
2017,1,ME,0.0,
2017,2,ME,0.0,
2017,3,ME,0.0,
2017,4,ME,0.0,
2017,5,ME,0.0,
2017,6,ME,0.0,
2017,7,ME,1.0,0.5
2017,8,ME,0.0,
2017,9,ME,0.0,
2017,10,ME,1.0,-0.08333333333333333
2017,11,ME,0.0,
2017,12,ME,0.0,
2018,1,ME,0.0,
2018,2,ME,0.0,
2018,3,ME,4.0,0.23750000000000002
2018,4,ME,2.0,0.16606060606060605
2018,5,ME,0.0,
2018,6,ME,7.0,0.2251984126984127
2018,7,ME,1.0,0.09
2018,8,ME,0.0,
2018,9,ME,0.0,
2018,10,ME,1.0,0.425
2018,11,ME,0.0,
2018,12,ME,0.0,
2019,1,ME,0.0,
2019,2,ME,0.0,
2019,3,ME,0.0,
2019,4,ME,0.0,
2019,5,ME,0.0,
2019,6,ME,1.0,0.0
2019,7,ME,2.0,0.1625
2019,8,ME,0.0,
2019,9,ME,0.0,
2019,10,ME,0.0,
2019,11,ME,0.0,
2019,12,ME,0.0,
2020,1,ME,0.0,
2012,1,MD,0.0,
2012,2,MD,0.0,
2012,3,MD,0.0,
2012,4,MD,0.0,
2012,5,MD,0.0,
2012,6,MD,0.0,
2012,7,MD,0.0,
2012,8,MD,0.0,
2012,9,MD,0.0,
2012,10,MD,0.0,
2012,11,MD,0.0,
2012,12,MD,0.0,
2013,1,MD,0.0,
2013,2,MD,0.0,
2013,3,MD,0.0,
2013,4,MD,0.0,
2013,5,MD,0.0,
2013,6,MD,0.0,
2013,7,MD,0.0,
2013,8,MD,0.0,
2013,9,MD,0.0,
2013,10,MD,0.0,
2013,11,MD,0.0,
2013,12,MD,0.0,
2014,1,MD,0.0,
2014,2,MD,0.0,
2014,3,MD,0.0,
2014,4,MD,0.0,
2014,5,MD,0.0,
2014,6,MD,0.0,
2014,7,MD,0.0,
2014,8,MD,0.0,
2014,9,MD,1.0,0.0
2014,10,MD,0.0,
2014,11,MD,1.0,-0.24285714285714277
2014,12,MD,0.0,
2015,1,MD,2.0,0.11409090909090909
2015,2,MD,1.0,0.07142857142857142
2015,3,MD,0.0,
2015,4,MD,0.0,
2015,5,MD,1.0,0.15625
2015,6,MD,0.0,
2015,7,MD,0.0,
2015,8,MD,0.0,
2015,9,MD,0.0,
2015,10,MD,0.0,
2015,11,MD,0.0,
2015,12,MD,0.0,
2016,1,MD,0.0,
2016,2,MD,0.0,
2016,3,MD,0.0,
2016,4,MD,0.0,
2016,5,MD,0.0,
2016,6,MD,0.0,
2016,7,MD,0.0,
2016,8,MD,0.0,
2016,9,MD,0.0,
2016,10,MD,1.0,0.4
2016,11,MD,0.0,
2016,12,MD,0.0,
2017,1,MD,0.0,
2017,2,MD,0.0,
2017,3,MD,0.0,
2017,4,MD,0.0,
2017,5,MD,0.0,
2017,6,MD,0.0,
2017,7,MD,31.0,0.1887365591397849
2017,8,MD,10.0,0.12674999999999997
2017,9,MD,26.0,0.05341346153846154
2017,10,MD,32.0,0.1821946022727273
2017,11,MD,19.0,0.20622280132148554
2017,12,MD,45.0,0.09758148148148149
2018,1,MD,28.0,0.13467261904761907
2018,2,MD,24.0,0.1355902777777778
2018,3,MD,14.0,0.1272263450834879
2018,4,MD,8.0,0.04583333333333333
2018,5,MD,7.0,0.06374458874458873
2018,6,MD,12.0,0.19036195286195282
2018,7,MD,11.0,-0.004476584022038568
2018,8,MD,4.0,0.2425
2018,9,MD,9.0,0.13469135802469134
2018,10,MD,8.0,0.1684027777777778
2018,11,MD,0.0,
2018,12,MD,0.0,
2019,1,MD,0.0,
2019,2,MD,0.0,
2019,3,MD,0.0,
2019,4,MD,0.0,
2019,5,MD,0.0,
2019,6,MD,9.0,0.063510101010101
2019,7,MD,12.0,0.08352904040404041
2019,8,MD,0.0,
2019,9,MD,0.0,
2019,10,MD,0.0,
2019,11,MD,0.0,
2019,12,MD,0.0,
2020,1,MD,0.0,
2012,1,MA,0.0,
2012,2,MA,0.0,
2012,3,MA,0.0,
2012,4,MA,0.0,
2012,5,MA,0.0,
2012,6,MA,0.0,
2012,7,MA,0.0,
2012,8,MA,0.0,
2012,9,MA,0.0,
2012,10,MA,0.0,
2012,11,MA,1.0,0.0
2012,12,MA,0.0,
2013,1,MA,0.0,
2013,2,MA,0.0,
2013,3,MA,0.0,
2013,4,MA,0.0,
2013,5,MA,0.0,
2013,6,MA,0.0,
2013,7,MA,0.0,
2013,8,MA,0.0,
2013,9,MA,0.0,
2013,10,MA,0.0,
2013,11,MA,0.0,
2013,12,MA,0.0,
2014,1,MA,0.0,
2014,2,MA,0.0,
2014,3,MA,0.0,
2014,4,MA,2.0,0.0
2014,5,MA,1.0,-0.08125
2014,6,MA,0.0,
2014,7,MA,0.0,
2014,8,MA,0.0,
2014,9,MA,0.0,
2014,10,MA,0.0,
2014,11,MA,0.0,
2014,12,MA,0.0,
2015,1,MA,0.0,
2015,2,MA,0.0,
2015,3,MA,0.0,
2015,4,MA,1.0,0.2857142857142857
2015,5,MA,0.0,
2015,6,MA,0.0,
2015,7,MA,0.0,
2015,8,MA,0.0,
2015,9,MA,0.0,
2015,10,MA,0.0,
2015,11,MA,0.0,
2015,12,MA,0.0,
2016,1,MA,0.0,
2016,2,MA,0.0,
2016,3,MA,0.0,
2016,4,MA,0.0,
2016,5,MA,0.0,
2016,6,MA,0.0,
2016,7,MA,0.0,
2016,8,MA,0.0,
2016,9,MA,0.0,
2016,10,MA,0.0,
2016,11,MA,0.0,
2016,12,MA,0.0,
2017,1,MA,0.0,
2017,2,MA,0.0,
2017,3,MA,0.0,
2017,4,MA,0.0,
2017,5,MA,0.0,
2017,6,MA,0.0,
2017,7,MA,11.0,0.23603600944510036
2017,8,MA,26.0,0.14039918414918415
2017,9,MA,7.0,0.17809523809523808
2017,10,MA,10.0,0.16908333333333334
2017,11,MA,15.0,0.20454545454545456
2017,12,MA,4.0,0.23541666666666666
2018,1,MA,7.0,0.10714285714285716
2018,2,MA,28.0,0.0396875
2018,3,MA,18.0,0.12611111111111112
2018,4,MA,2.0,0.12916666666666665
2018,5,MA,4.0,0.2129810606060606
2018,6,MA,4.0,0.125
2018,7,MA,14.0,0.14986742424242425
2018,8,MA,9.0,0.020370370370370372
2018,9,MA,0.0,
2018,10,MA,7.0,0.2414285714285714
2018,11,MA,0.0,
2018,12,MA,0.0,
2019,1,MA,0.0,
2019,2,MA,0.0,
2019,3,MA,0.0,
2019,4,MA,0.0,
2019,5,MA,0.0,
2019,6,MA,5.0,0.16245050505050504
2019,7,MA,7.0,0.18574025974025973
2019,8,MA,0.0,
2019,9,MA,0.0,
2019,10,MA,0.0,
2019,11,MA,0.0,
2019,12,MA,0.0,
2020,1,MA,0.0,
2012,1,MI,0.0,
2012,2,MI,0.0,
2012,3,MI,0.0,
2012,4,MI,0.0,
2012,5,MI,0.0,
2012,6,MI,1.0,0.0
2012,7,MI,0.0,
2012,8,MI,0.0,
2012,9,MI,0.0,
2012,10,MI,0.0,
2012,11,MI,0.0,
2012,12,MI,0.0,
2013,1,MI,0.0,
2013,2,MI,1.0,0.28
2013,3,MI,0.0,
2013,4,MI,0.0,
2013,5,MI,0.0,
2013,6,MI,0.0,
2013,7,MI,0.0,
2013,8,MI,0.0,
2013,9,MI,0.0,
2013,10,MI,0.0,
2013,11,MI,0.0,
2013,12,MI,0.0,
2014,1,MI,0.0,
2014,2,MI,0.0,
2014,3,MI,0.0,
2014,4,MI,0.0,
2014,5,MI,0.0,
2014,6,MI,0.0,
2014,7,MI,0.0,
2014,8,MI,0.0,
2014,9,MI,0.0,
2014,10,MI,0.0,
2014,11,MI,0.0,
2014,12,MI,0.0,
2015,1,MI,0.0,
2015,2,MI,0.0,
2015,3,MI,0.0,
2015,4,MI,0.0,
2015,5,MI,0.0,
2015,6,MI,0.0,
2015,7,MI,0.0,
2015,8,MI,0.0,
2015,9,MI,0.0,
2015,10,MI,0.0,
2015,11,MI,0.0,
2015,12,MI,0.0,
2016,1,MI,0.0,
2016,2,MI,0.0,
2016,3,MI,0.0,
2016,4,MI,0.0,
2016,5,MI,0.0,
2016,6,MI,0.0,
2016,7,MI,0.0,
2016,8,MI,0.0,
2016,9,MI,0.0,
2016,10,MI,0.0,
2016,11,MI,0.0,
2016,12,MI,0.0,
2017,1,MI,0.0,
2017,2,MI,0.0,
2017,3,MI,0.0,
2017,4,MI,0.0,
2017,5,MI,0.0,
2017,6,MI,0.0,
2017,7,MI,8.0,0.0625
2017,8,MI,11.0,0.14414026629935722
2017,9,MI,2.0,0.4
2017,10,MI,7.0,0.07678571428571428
2017,11,MI,3.0,0.125
2017,12,MI,0.0,
2018,1,MI,4.0,0.0825
2018,2,MI,15.0,0.043166666666666666
2018,3,MI,18.0,0.11685185185185182
2018,4,MI,1.0,0.0
2018,5,MI,2.0,0.20104166666666667
2018,6,MI,5.0,-0.01611111111111111
2018,7,MI,0.0,
2018,8,MI,0.0,
2018,9,MI,0.0,
2018,10,MI,2.0,0.1
2018,11,MI,0.0,
2018,12,MI,0.0,
2019,1,MI,0.0,
2019,2,MI,0.0,
2019,3,MI,0.0,
2019,4,MI,0.0,
2019,5,MI,0.0,
2019,6,MI,0.0,
2019,7,MI,3.0,-0.010416666666666666
2019,8,MI,0.0,
2019,9,MI,0.0,
2019,10,MI,0.0,
2019,11,MI,0.0,
2019,12,MI,0.0,
2020,1,MI,0.0,
2012,1,MN,0.0,
2012,2,MN,0.0,
2012,3,MN,0.0,
2012,4,MN,0.0,
2012,5,MN,0.0,
2012,6,MN,0.0,
2012,7,MN,0.0,
2012,8,MN,0.0,
2012,9,MN,0.0,
2012,10,MN,0.0,
2012,11,MN,0.0,
2012,12,MN,0.0,
2013,1,MN,0.0,
2013,2,MN,0.0,
2013,3,MN,0.0,
2013,4,MN,0.0,
2013,5,MN,0.0,
2013,6,MN,0.0,
2013,7,MN,0.0,
2013,8,MN,0.0,
2013,9,MN,0.0,
2013,10,MN,0.0,
2013,11,MN,0.0,
2013,12,MN,0.0,
2014,1,MN,0.0,
2014,2,MN,0.0,
2014,3,MN,0.0,
2014,4,MN,0.0,
2014,5,MN,0.0,
2014,6,MN,0.0,
2014,7,MN,0.0,
2014,8,MN,0.0,
2014,9,MN,0.0,
2014,10,MN,0.0,
2014,11,MN,2.0,0.0
2014,12,MN,0.0,
2015,1,MN,1.0,0.0
2015,2,MN,0.0,
2015,3,MN,0.0,
2015,4,MN,0.0,
2015,5,MN,0.0,
2015,6,MN,0.0,
2015,7,MN,0.0,
2015,8,MN,0.0,
2015,9,MN,0.0,
2015,10,MN,0.0,
2015,11,MN,0.0,
2015,12,MN,0.0,
2016,1,MN,0.0,
2016,2,MN,0.0,
2016,3,MN,0.0,
2016,4,MN,0.0,
2016,5,MN,0.0,
2016,6,MN,0.0,
2016,7,MN,0.0,
2016,8,MN,0.0,
2016,9,MN,0.0,
2016,10,MN,0.0,
2016,11,MN,0.0,
2016,12,MN,0.0,
2017,1,MN,0.0,
2017,2,MN,0.0,
2017,3,MN,0.0,
2017,4,MN,0.0,
2017,5,MN,0.0,
2017,6,MN,0.0,
2017,7,MN,10.0,0.3166666666666667
2017,8,MN,7.0,0.20608766233766232
2017,9,MN,8.0,0.057777777777777775
2017,10,MN,9.0,0.14907407407407405
2017,11,MN,3.0,0.08118055555555555
2017,12,MN,12.0,0.267260101010101
2018,1,MN,9.0,0.06259259259259259
2018,2,MN,6.0,0.2934027777777778
2018,3,MN,17.0,0.1832612893642305
2018,4,MN,11.0,0.06960743801652892
2018,5,MN,8.0,0.2744270833333333
2018,6,MN,4.0,0.24113516113516112
2018,7,MN,4.0,0.06684027777777778
2018,8,MN,10.0,0.11803703703703702
2018,9,MN,6.0,0.14027777777777778
2018,10,MN,3.0,0.10347222222222223
2018,11,MN,0.0,
2018,12,MN,0.0,
2019,1,MN,0.0,
2019,2,MN,0.0,
2019,3,MN,0.0,
2019,4,MN,0.0,
2019,5,MN,0.0,
2019,6,MN,8.0,0.22569444444444445
2019,7,MN,11.0,0.19053030303030302
2019,8,MN,0.0,
2019,9,MN,0.0,
2019,10,MN,0.0,
2019,11,MN,0.0,
2019,12,MN,0.0,
2020,1,MN,0.0,
2012,1,MS,0.0,
2012,2,MS,0.0,
2012,3,MS,0.0,
2012,4,MS,0.0,
2012,5,MS,0.0,
2012,6,MS,0.0,
2012,7,MS,0.0,
2012,8,MS,0.0,
2012,9,MS,0.0,
2012,10,MS,0.0,
2012,11,MS,0.0,
2012,12,MS,0.0,
2013,1,MS,0.0,
2013,2,MS,0.0,
2013,3,MS,0.0,
2013,4,MS,0.0,
2013,5,MS,0.0,
2013,6,MS,0.0,
2013,7,MS,0.0,
2013,8,MS,0.0,
2013,9,MS,0.0,
2013,10,MS,0.0,
2013,11,MS,0.0,
2013,12,MS,0.0,
2014,1,MS,0.0,
2014,2,MS,0.0,
2014,3,MS,0.0,
2014,4,MS,0.0,
2014,5,MS,0.0,
2014,6,MS,0.0,
2014,7,MS,0.0,
2014,8,MS,0.0,
2014,9,MS,0.0,
2014,10,MS,0.0,
2014,11,MS,0.0,
2014,12,MS,0.0,
2015,1,MS,0.0,
2015,2,MS,0.0,
2015,3,MS,0.0,
2015,4,MS,0.0,
2015,5,MS,0.0,
2015,6,MS,0.0,
2015,7,MS,0.0,
2015,8,MS,0.0,
2015,9,MS,0.0,
2015,10,MS,0.0,
2015,11,MS,0.0,
2015,12,MS,0.0,
2016,1,MS,0.0,
2016,2,MS,0.0,
2016,3,MS,0.0,
2016,4,MS,0.0,
2016,5,MS,0.0,
2016,6,MS,0.0,
2016,7,MS,0.0,
2016,8,MS,0.0,
2016,9,MS,0.0,
2016,10,MS,0.0,
2016,11,MS,0.0,
2016,12,MS,0.0,
2017,1,MS,0.0,
2017,2,MS,0.0,
2017,3,MS,0.0,
2017,4,MS,0.0,
2017,5,MS,0.0,
2017,6,MS,0.0,
2017,7,MS,3.0,0.0
2017,8,MS,0.0,
2017,9,MS,5.0,0.1
2017,10,MS,2.0,0.125
2017,11,MS,1.0,0.0
2017,12,MS,0.0,
2018,1,MS,3.0,0.22090909090909092
2018,2,MS,1.0,0.3
2018,3,MS,3.0,0.15
2018,4,MS,0.0,
2018,5,MS,0.0,
2018,6,MS,0.0,
2018,7,MS,0.0,
2018,8,MS,1.0,0.08928571428571427
2018,9,MS,2.0,0.0
2018,10,MS,5.0,0.031818181818181815
2018,11,MS,0.0,
2018,12,MS,0.0,
2019,1,MS,0.0,
2019,2,MS,0.0,
2019,3,MS,0.0,
2019,4,MS,0.0,
2019,5,MS,0.0,
2019,6,MS,3.0,0.02727272727272727
2019,7,MS,1.0,0.11818181818181818
2019,8,MS,0.0,
2019,9,MS,0.0,
2019,10,MS,0.0,
2019,11,MS,0.0,
2019,12,MS,0.0,
2020,1,MS,0.0,
2012,1,MO,0.0,
2012,2,MO,0.0,
2012,3,MO,0.0,
2012,4,MO,0.0,
2012,5,MO,0.0,
2012,6,MO,0.0,
2012,7,MO,0.0,
2012,8,MO,0.0,
2012,9,MO,0.0,
2012,10,MO,0.0,
2012,11,MO,0.0,
2012,12,MO,0.0,
2013,1,MO,0.0,
2013,2,MO,0.0,
2013,3,MO,0.0,
2013,4,MO,0.0,
2013,5,MO,0.0,
2013,6,MO,0.0,
2013,7,MO,0.0,
2013,8,MO,0.0,
2013,9,MO,0.0,
2013,10,MO,0.0,
2013,11,MO,0.0,
2013,12,MO,0.0,
2014,1,MO,1.0,0.0
2014,2,MO,0.0,
2014,3,MO,0.0,
2014,4,MO,0.0,
2014,5,MO,0.0,
2014,6,MO,0.0,
2014,7,MO,0.0,
2014,8,MO,0.0,
2014,9,MO,0.0,
2014,10,MO,0.0,
2014,11,MO,0.0,
2014,12,MO,0.0,
2015,1,MO,0.0,
2015,2,MO,1.0,0.0
2015,3,MO,0.0,
2015,4,MO,0.0,
2015,5,MO,0.0,
2015,6,MO,0.0,
2015,7,MO,0.0,
2015,8,MO,0.0,
2015,9,MO,0.0,
2015,10,MO,0.0,
2015,11,MO,0.0,
2015,12,MO,0.0,
2016,1,MO,0.0,
2016,2,MO,0.0,
2016,3,MO,0.0,
2016,4,MO,0.0,
2016,5,MO,0.0,
2016,6,MO,0.0,
2016,7,MO,0.0,
2016,8,MO,0.0,
2016,9,MO,0.0,
2016,10,MO,0.0,
2016,11,MO,0.0,
2016,12,MO,0.0,
2017,1,MO,0.0,
2017,2,MO,0.0,
2017,3,MO,0.0,
2017,4,MO,0.0,
2017,5,MO,0.0,
2017,6,MO,0.0,
2017,7,MO,5.0,0.03
2017,8,MO,11.0,0.2964015151515152
2017,9,MO,42.0,0.08402777777777778
2017,10,MO,32.0,0.023828125
2017,11,MO,47.0,0.09850557244174266
2017,12,MO,36.0,0.16064814814814815
2018,1,MO,10.0,0.014000000000000002
2018,2,MO,9.0,0.21990740740740744
2018,3,MO,13.0,0.1538461538461538
2018,4,MO,25.0,0.2928095238095239
2018,5,MO,17.0,0.12604166666666666
2018,6,MO,4.0,0.1625
2018,7,MO,5.0,0.31100000000000005
2018,8,MO,11.0,0.3909090909090909
2018,9,MO,10.0,0.17550000000000002
2018,10,MO,5.0,-0.028636363636363626
2018,11,MO,0.0,
2018,12,MO,0.0,
2019,1,MO,0.0,
2019,2,MO,0.0,
2019,3,MO,0.0,
2019,4,MO,0.0,
2019,5,MO,0.0,
2019,6,MO,0.0,
2019,7,MO,6.0,0.11408529741863073
2019,8,MO,0.0,
2019,9,MO,0.0,
2019,10,MO,0.0,
2019,11,MO,0.0,
2019,12,MO,0.0,
2020,1,MO,0.0,
2012,1,MT,0.0,
2012,2,MT,0.0,
2012,3,MT,0.0,
2012,4,MT,0.0,
2012,5,MT,0.0,
2012,6,MT,0.0,
2012,7,MT,0.0,
2012,8,MT,0.0,
2012,9,MT,0.0,
2012,10,MT,0.0,
2012,11,MT,0.0,
2012,12,MT,0.0,
2013,1,MT,0.0,
2013,2,MT,0.0,
2013,3,MT,0.0,
2013,4,MT,0.0,
2013,5,MT,0.0,
2013,6,MT,0.0,
2013,7,MT,0.0,
2013,8,MT,0.0,
2013,9,MT,0.0,
2013,10,MT,0.0,
2013,11,MT,0.0,
2013,12,MT,0.0,
2014,1,MT,0.0,
2014,2,MT,0.0,
2014,3,MT,0.0,
2014,4,MT,0.0,
2014,5,MT,0.0,
2014,6,MT,0.0,
2014,7,MT,0.0,
2014,8,MT,0.0,
2014,9,MT,0.0,
2014,10,MT,0.0,
2014,11,MT,0.0,
2014,12,MT,0.0,
2015,1,MT,0.0,
2015,2,MT,0.0,
2015,3,MT,0.0,
2015,4,MT,0.0,
2015,5,MT,0.0,
2015,6,MT,0.0,
2015,7,MT,0.0,
2015,8,MT,0.0,
2015,9,MT,0.0,
2015,10,MT,0.0,
2015,11,MT,0.0,
2015,12,MT,0.0,
2016,1,MT,0.0,
2016,2,MT,0.0,
2016,3,MT,0.0,
2016,4,MT,0.0,
2016,5,MT,0.0,
2016,6,MT,0.0,
2016,7,MT,0.0,
2016,8,MT,0.0,
2016,9,MT,0.0,
2016,10,MT,0.0,
2016,11,MT,0.0,
2016,12,MT,0.0,
2017,1,MT,0.0,
2017,2,MT,0.0,
2017,3,MT,0.0,
2017,4,MT,0.0,
2017,5,MT,0.0,
2017,6,MT,0.0,
2017,7,MT,2.0,0.29285714285714287
2017,8,MT,0.0,
2017,9,MT,1.0,0.4
2017,10,MT,0.0,
2017,11,MT,0.0,
2017,12,MT,0.0,
2018,1,MT,1.0,0.08
2018,2,MT,1.0,0.22000000000000003
2018,3,MT,1.0,0.15
2018,4,MT,2.0,0.5
2018,5,MT,1.0,0.16
2018,6,MT,0.0,
2018,7,MT,0.0,
2018,8,MT,0.0,
2018,9,MT,0.0,
2018,10,MT,0.0,
2018,11,MT,0.0,
2018,12,MT,0.0,
2019,1,MT,0.0,
2019,2,MT,0.0,
2019,3,MT,0.0,
2019,4,MT,0.0,
2019,5,MT,0.0,
2019,6,MT,1.0,0.1
2019,7,MT,1.0,-0.01875
2019,8,MT,0.0,
2019,9,MT,0.0,
2019,10,MT,0.0,
2019,11,MT,0.0,
2019,12,MT,0.0,
2020,1,MT,0.0,
2012,1,NE,0.0,
2012,2,NE,0.0,
2012,3,NE,0.0,
2012,4,NE,0.0,
2012,5,NE,0.0,
2012,6,NE,0.0,
2012,7,NE,0.0,
2012,8,NE,0.0,
2012,9,NE,0.0,
2012,10,NE,0.0,
2012,11,NE,0.0,
2012,12,NE,0.0,
2013,1,NE,0.0,
2013,2,NE,0.0,
2013,3,NE,0.0,
2013,4,NE,0.0,
2013,5,NE,0.0,
2013,6,NE,0.0,
2013,7,NE,0.0,
2013,8,NE,0.0,
2013,9,NE,0.0,
2013,10,NE,0.0,
2013,11,NE,0.0,
2013,12,NE,0.0,
2014,1,NE,0.0,
2014,2,NE,0.0,
2014,3,NE,0.0,
2014,4,NE,0.0,
2014,5,NE,0.0,
2014,6,NE,0.0,
2014,7,NE,0.0,
2014,8,NE,0.0,
2014,9,NE,0.0,
2014,10,NE,0.0,
2014,11,NE,0.0,
2014,12,NE,0.0,
2015,1,NE,1.0,0.8
2015,2,NE,0.0,
2015,3,NE,0.0,
2015,4,NE,0.0,
2015,5,NE,0.0,
2015,6,NE,0.0,
2015,7,NE,0.0,
2015,8,NE,0.0,
2015,9,NE,0.0,
2015,10,NE,0.0,
2015,11,NE,0.0,
2015,12,NE,0.0,
2016,1,NE,0.0,
2016,2,NE,0.0,
2016,3,NE,0.0,
2016,4,NE,0.0,
2016,5,NE,0.0,
2016,6,NE,0.0,
2016,7,NE,0.0,
2016,8,NE,0.0,
2016,9,NE,0.0,
2016,10,NE,0.0,
2016,11,NE,0.0,
2016,12,NE,0.0,
2017,1,NE,0.0,
2017,2,NE,0.0,
2017,3,NE,0.0,
2017,4,NE,0.0,
2017,5,NE,0.0,
2017,6,NE,0.0,
2017,7,NE,3.0,0.0
2017,8,NE,3.0,0.0
2017,9,NE,0.0,
2017,10,NE,0.0,
2017,11,NE,0.0,
2017,12,NE,1.0,0.14250000000000002
2018,1,NE,2.0,0.4
2018,2,NE,4.0,0.03333333333333333
2018,3,NE,6.0,0.17291666666666664
2018,4,NE,1.0,0.16
2018,5,NE,1.0,0.16
2018,6,NE,0.0,
2018,7,NE,0.0,
2018,8,NE,0.0,
2018,9,NE,6.0,0.4066666666666667
2018,10,NE,0.0,
2018,11,NE,0.0,
2018,12,NE,0.0,
2019,1,NE,0.0,
2019,2,NE,0.0,
2019,3,NE,0.0,
2019,4,NE,0.0,
2019,5,NE,0.0,
2019,6,NE,3.0,0.21666666666666667
2019,7,NE,3.0,0.35656565656565653
2019,8,NE,0.0,
2019,9,NE,0.0,
2019,10,NE,0.0,
2019,11,NE,0.0,
2019,12,NE,0.0,
2020,1,NE,0.0,
2012,1,NV,0.0,
2012,2,NV,0.0,
2012,3,NV,0.0,
2012,4,NV,0.0,
2012,5,NV,0.0,
2012,6,NV,0.0,
2012,7,NV,0.0,
2012,8,NV,0.0,
2012,9,NV,0.0,
2012,10,NV,0.0,
2012,11,NV,0.0,
2012,12,NV,0.0,
2013,1,NV,0.0,
2013,2,NV,0.0,
2013,3,NV,0.0,
2013,4,NV,0.0,
2013,5,NV,0.0,
2013,6,NV,0.0,
2013,7,NV,0.0,
2013,8,NV,0.0,
2013,9,NV,0.0,
2013,10,NV,0.0,
2013,11,NV,0.0,
2013,12,NV,0.0,
2014,1,NV,0.0,
2014,2,NV,0.0,
2014,3,NV,0.0,
2014,4,NV,0.0,
2014,5,NV,0.0,
2014,6,NV,0.0,
2014,7,NV,0.0,
2014,8,NV,0.0,
2014,9,NV,0.0,
2014,10,NV,0.0,
2014,11,NV,0.0,
2014,12,NV,1.0,0.9
2015,1,NV,0.0,
2015,2,NV,0.0,
2015,3,NV,0.0,
2015,4,NV,0.0,
2015,5,NV,0.0,
2015,6,NV,0.0,
2015,7,NV,0.0,
2015,8,NV,0.0,
2015,9,NV,0.0,
2015,10,NV,0.0,
2015,11,NV,0.0,
2015,12,NV,0.0,
2016,1,NV,0.0,
2016,2,NV,0.0,
2016,3,NV,0.0,
2016,4,NV,0.0,
2016,5,NV,0.0,
2016,6,NV,0.0,
2016,7,NV,0.0,
2016,8,NV,0.0,
2016,9,NV,0.0,
2016,10,NV,0.0,
2016,11,NV,0.0,
2016,12,NV,0.0,
2017,1,NV,0.0,
2017,2,NV,0.0,
2017,3,NV,0.0,
2017,4,NV,0.0,
2017,5,NV,0.0,
2017,6,NV,0.0,
2017,7,NV,1.0,0.0
2017,8,NV,1.0,0.0
2017,9,NV,8.0,0.29374999999999996
2017,10,NV,9.0,0.1416666666666667
2017,11,NV,7.0,0.07142857142857142
2017,12,NV,4.0,0.04277777777777778
2018,1,NV,1.0,0.08
2018,2,NV,24.0,0.09207175925925926
2018,3,NV,7.0,0.1488095238095238
2018,4,NV,0.0,
2018,5,NV,5.0,0.0708888888888889
2018,6,NV,0.0,
2018,7,NV,2.0,0.0
2018,8,NV,3.0,0.049999999999999996
2018,9,NV,5.0,-0.04
2018,10,NV,5.0,0.0775
2018,11,NV,0.0,
2018,12,NV,0.0,
2019,1,NV,0.0,
2019,2,NV,0.0,
2019,3,NV,0.0,
2019,4,NV,0.0,
2019,5,NV,0.0,
2019,6,NV,1.0,0.02666666666666667
2019,7,NV,5.0,0.3725
2019,8,NV,0.0,
2019,9,NV,0.0,
2019,10,NV,0.0,
2019,11,NV,0.0,
2019,12,NV,0.0,
2020,1,NV,0.0,
2012,1,NH,0.0,
2012,2,NH,0.0,
2012,3,NH,0.0,
2012,4,NH,0.0,
2012,5,NH,0.0,
2012,6,NH,0.0,
2012,7,NH,0.0,
2012,8,NH,0.0,
2012,9,NH,0.0,
2012,10,NH,0.0,
2012,11,NH,0.0,
2012,12,NH,0.0,
2013,1,NH,0.0,
2013,2,NH,0.0,
2013,3,NH,0.0,
2013,4,NH,0.0,
2013,5,NH,0.0,
2013,6,NH,0.0,
2013,7,NH,0.0,
2013,8,NH,0.0,
2013,9,NH,0.0,
2013,10,NH,1.0,0.0
2013,11,NH,0.0,
2013,12,NH,0.0,
2014,1,NH,0.0,
2014,2,NH,0.0,
2014,3,NH,0.0,
2014,4,NH,0.0,
2014,5,NH,0.0,
2014,6,NH,0.0,
2014,7,NH,0.0,
2014,8,NH,0.0,
2014,9,NH,0.0,
2014,10,NH,0.0,
2014,11,NH,0.0,
2014,12,NH,0.0,
2015,1,NH,0.0,
2015,2,NH,0.0,
2015,3,NH,0.0,
2015,4,NH,0.0,
2015,5,NH,0.0,
2015,6,NH,0.0,
2015,7,NH,0.0,
2015,8,NH,0.0,
2015,9,NH,0.0,
2015,10,NH,0.0,
2015,11,NH,0.0,
2015,12,NH,0.0,
2016,1,NH,0.0,
2016,2,NH,0.0,
2016,3,NH,0.0,
2016,4,NH,0.0,
2016,5,NH,0.0,
2016,6,NH,0.0,
2016,7,NH,0.0,
2016,8,NH,0.0,
2016,9,NH,0.0,
2016,10,NH,0.0,
2016,11,NH,0.0,
2016,12,NH,0.0,
2017,1,NH,0.0,
2017,2,NH,0.0,
2017,3,NH,0.0,
2017,4,NH,0.0,
2017,5,NH,0.0,
2017,6,NH,0.0,
2017,7,NH,1.0,0.0
2017,8,NH,4.0,0.0625
2017,9,NH,1.0,0.25
2017,10,NH,0.0,
2017,11,NH,0.0,
2017,12,NH,0.0,
2018,1,NH,1.0,0.041666666666666664
2018,2,NH,0.0,
2018,3,NH,1.0,0.05333333333333334
2018,4,NH,0.0,
2018,5,NH,2.0,0.0
2018,6,NH,0.0,
2018,7,NH,1.0,0.8
2018,8,NH,0.0,
2018,9,NH,1.0,0.0
2018,10,NH,1.0,0.325
2018,11,NH,0.0,
2018,12,NH,0.0,
2019,1,NH,0.0,
2019,2,NH,0.0,
2019,3,NH,0.0,
2019,4,NH,0.0,
2019,5,NH,0.0,
2019,6,NH,1.0,0.0
2019,7,NH,0.0,
2019,8,NH,0.0,
2019,9,NH,0.0,
2019,10,NH,0.0,
2019,11,NH,0.0,
2019,12,NH,0.0,
2020,1,NH,0.0,
2012,1,NJ,0.0,
2012,2,NJ,0.0,
2012,3,NJ,0.0,
2012,4,NJ,0.0,
2012,5,NJ,0.0,
2012,6,NJ,0.0,
2012,7,NJ,0.0,
2012,8,NJ,0.0,
2012,9,NJ,0.0,
2012,10,NJ,0.0,
2012,11,NJ,0.0,
2012,12,NJ,0.0,
2013,1,NJ,0.0,
2013,2,NJ,0.0,
2013,3,NJ,0.0,
2013,4,NJ,0.0,
2013,5,NJ,0.0,
2013,6,NJ,0.0,
2013,7,NJ,0.0,
2013,8,NJ,0.0,
2013,9,NJ,0.0,
2013,10,NJ,0.0,
2013,11,NJ,0.0,
2013,12,NJ,0.0,
2014,1,NJ,0.0,
2014,2,NJ,0.0,
2014,3,NJ,0.0,
2014,4,NJ,0.0,
2014,5,NJ,0.0,
2014,6,NJ,0.0,
2014,7,NJ,0.0,
2014,8,NJ,0.0,
2014,9,NJ,0.0,
2014,10,NJ,1.0,0.0
2014,11,NJ,1.0,-0.07333333333333332
2014,12,NJ,0.0,
2015,1,NJ,0.0,
2015,2,NJ,0.0,
2015,3,NJ,0.0,
2015,4,NJ,0.0,
2015,5,NJ,0.0,
2015,6,NJ,0.0,
2015,7,NJ,0.0,
2015,8,NJ,0.0,
2015,9,NJ,0.0,
2015,10,NJ,0.0,
2015,11,NJ,0.0,
2015,12,NJ,0.0,
2016,1,NJ,0.0,
2016,2,NJ,0.0,
2016,3,NJ,0.0,
2016,4,NJ,0.0,
2016,5,NJ,0.0,
2016,6,NJ,0.0,
2016,7,NJ,0.0,
2016,8,NJ,0.0,
2016,9,NJ,0.0,
2016,10,NJ,0.0,
2016,11,NJ,0.0,
2016,12,NJ,0.0,
2017,1,NJ,0.0,
2017,2,NJ,0.0,
2017,3,NJ,0.0,
2017,4,NJ,0.0,
2017,5,NJ,0.0,
2017,6,NJ,0.0,
2017,7,NJ,2.0,0.0
2017,8,NJ,0.0,
2017,9,NJ,1.0,0.0
2017,10,NJ,6.0,0.21666666666666667
2017,11,NJ,4.0,0.0
2017,12,NJ,2.0,0.0
2018,1,NJ,0.0,
2018,2,NJ,2.0,0.0625
2018,3,NJ,2.0,0.21250000000000002
2018,4,NJ,2.0,0.15000000000000002
2018,5,NJ,0.0,
2018,6,NJ,14.0,0.2390029761904762
2018,7,NJ,7.0,0.08571428571428572
2018,8,NJ,1.0,0.2180976430976431
2018,9,NJ,6.0,0.2796296296296296
2018,10,NJ,2.0,0.30000000000000004
2018,11,NJ,0.0,
2018,12,NJ,0.0,
2019,1,NJ,0.0,
2019,2,NJ,0.0,
2019,3,NJ,0.0,
2019,4,NJ,0.0,
2019,5,NJ,0.0,
2019,6,NJ,6.0,0.4720987654320988
2019,7,NJ,2.0,-0.011111111111111113
2019,8,NJ,0.0,
2019,9,NJ,0.0,
2019,10,NJ,0.0,
2019,11,NJ,0.0,
2019,12,NJ,0.0,
2020,1,NJ,0.0,
2012,1,NM,0.0,
2012,2,NM,0.0,
2012,3,NM,0.0,
2012,4,NM,0.0,
2012,5,NM,0.0,
2012,6,NM,0.0,
2012,7,NM,0.0,
2012,8,NM,0.0,
2012,9,NM,0.0,
2012,10,NM,0.0,
2012,11,NM,0.0,
2012,12,NM,0.0,
2013,1,NM,0.0,
2013,2,NM,0.0,
2013,3,NM,0.0,
2013,4,NM,0.0,
2013,5,NM,0.0,
2013,6,NM,0.0,
2013,7,NM,0.0,
2013,8,NM,0.0,
2013,9,NM,0.0,
2013,10,NM,0.0,
2013,11,NM,0.0,
2013,12,NM,0.0,
2014,1,NM,0.0,
2014,2,NM,0.0,
2014,3,NM,0.0,
2014,4,NM,0.0,
2014,5,NM,0.0,
2014,6,NM,0.0,
2014,7,NM,0.0,
2014,8,NM,0.0,
2014,9,NM,0.0,
2014,10,NM,0.0,
2014,11,NM,0.0,
2014,12,NM,0.0,
2015,1,NM,0.0,
2015,2,NM,0.0,
2015,3,NM,0.0,
2015,4,NM,0.0,
2015,5,NM,0.0,
2015,6,NM,0.0,
2015,7,NM,0.0,
2015,8,NM,0.0,
2015,9,NM,0.0,
2015,10,NM,0.0,
2015,11,NM,0.0,
2015,12,NM,0.0,
2016,1,NM,0.0,
2016,2,NM,1.0,0.13636363636363635
2016,3,NM,0.0,
2016,4,NM,0.0,
2016,5,NM,0.0,
2016,6,NM,0.0,
2016,7,NM,0.0,
2016,8,NM,0.0,
2016,9,NM,0.0,
2016,10,NM,0.0,
2016,11,NM,0.0,
2016,12,NM,0.0,
2017,1,NM,0.0,
2017,2,NM,0.0,
2017,3,NM,0.0,
2017,4,NM,0.0,
2017,5,NM,0.0,
2017,6,NM,0.0,
2017,7,NM,0.0,
2017,8,NM,0.0,
2017,9,NM,0.0,
2017,10,NM,0.0,
2017,11,NM,0.0,
2017,12,NM,0.0,
2018,1,NM,0.0,
2018,2,NM,0.0,
2018,3,NM,2.0,0.075
2018,4,NM,0.0,
2018,5,NM,3.0,0.049999999999999996
2018,6,NM,0.0,
2018,7,NM,0.0,
2018,8,NM,2.0,0.31145833333333334
2018,9,NM,0.0,
2018,10,NM,0.0,
2018,11,NM,0.0,
2018,12,NM,0.0,
2019,1,NM,0.0,
2019,2,NM,0.0,
2019,3,NM,0.0,
2019,4,NM,0.0,
2019,5,NM,0.0,
2019,6,NM,1.0,0.08214285714285714
2019,7,NM,0.0,
2019,8,NM,0.0,
2019,9,NM,0.0,
2019,10,NM,0.0,
2019,11,NM,0.0,
2019,12,NM,0.0,
2020,1,NM,0.0,
2012,1,NY,0.0,
2012,2,NY,0.0,
2012,3,NY,0.0,
2012,4,NY,0.0,
2012,5,NY,0.0,
2012,6,NY,0.0,
2012,7,NY,0.0,
2012,8,NY,0.0,
2012,9,NY,0.0,
2012,10,NY,0.0,
2012,11,NY,0.0,
2012,12,NY,0.0,
2013,1,NY,0.0,
2013,2,NY,0.0,
2013,3,NY,0.0,
2013,4,NY,0.0,
2013,5,NY,0.0,
2013,6,NY,0.0,
2013,7,NY,0.0,
2013,8,NY,0.0,
2013,9,NY,0.0,
2013,10,NY,0.0,
2013,11,NY,0.0,
2013,12,NY,0.0,
2014,1,NY,0.0,
2014,2,NY,0.0,
2014,3,NY,0.0,
2014,4,NY,2.0,0.1
2014,5,NY,0.0,
2014,6,NY,0.0,
2014,7,NY,0.0,
2014,8,NY,0.0,
2014,9,NY,1.0,0.0
2014,10,NY,1.0,-0.10416666666666667
2014,11,NY,0.0,
2014,12,NY,0.0,
2015,1,NY,0.0,
2015,2,NY,0.0,
2015,3,NY,1.0,0.05
2015,4,NY,0.0,
2015,5,NY,0.0,
2015,6,NY,0.0,
2015,7,NY,0.0,
2015,8,NY,0.0,
2015,9,NY,0.0,
2015,10,NY,0.0,
2015,11,NY,0.0,
2015,12,NY,0.0,
2016,1,NY,0.0,
2016,2,NY,0.0,
2016,3,NY,0.0,
2016,4,NY,0.0,
2016,5,NY,0.0,
2016,6,NY,0.0,
2016,7,NY,0.0,
2016,8,NY,0.0,
2016,9,NY,0.0,
2016,10,NY,0.0,
2016,11,NY,0.0,
2016,12,NY,0.0,
2017,1,NY,0.0,
2017,2,NY,0.0,
2017,3,NY,0.0,
2017,4,NY,0.0,
2017,5,NY,0.0,
2017,6,NY,0.0,
2017,7,NY,11.0,0.27090909090909093
2017,8,NY,12.0,0.13310185185185186
2017,9,NY,8.0,0.12902462121212122
2017,10,NY,6.0,0.1834469696969697
2017,11,NY,10.0,0.10163825757575758
2017,12,NY,7.0,0.18480158730158733
2018,1,NY,2.0,0.09375
2018,2,NY,8.0,0.037479482323232324
2018,3,NY,20.0,0.12388888888888885
2018,4,NY,7.0,0.07761904761904762
2018,5,NY,8.0,0.05499999999999999
2018,6,NY,2.0,-0.025000000000000005
2018,7,NY,13.0,0.19069930069930066
2018,8,NY,7.0,0.09527417027417028
2018,9,NY,4.0,0.14125000000000001
2018,10,NY,8.0,0.1734375
2018,11,NY,0.0,
2018,12,NY,0.0,
2019,1,NY,0.0,
2019,2,NY,0.0,
2019,3,NY,0.0,
2019,4,NY,0.0,
2019,5,NY,0.0,
2019,6,NY,7.0,0.2130952380952381
2019,7,NY,14.0,0.1447195165945166
2019,8,NY,0.0,
2019,9,NY,0.0,
2019,10,NY,0.0,
2019,11,NY,0.0,
2019,12,NY,0.0,
2020,1,NY,0.0,
2012,1,NC,0.0,
2012,2,NC,0.0,
2012,3,NC,0.0,
2012,4,NC,0.0,
2012,5,NC,0.0,
2012,6,NC,0.0,
2012,7,NC,0.0,
2012,8,NC,0.0,
2012,9,NC,0.0,
2012,10,NC,0.0,
2012,11,NC,0.0,
2012,12,NC,0.0,
2013,1,NC,0.0,
2013,2,NC,1.0,0.3
2013,3,NC,1.0,0.16666666666666666
2013,4,NC,0.0,
2013,5,NC,0.0,
2013,6,NC,0.0,
2013,7,NC,0.0,
2013,8,NC,0.0,
2013,9,NC,0.0,
2013,10,NC,0.0,
2013,11,NC,0.0,
2013,12,NC,0.0,
2014,1,NC,0.0,
2014,2,NC,0.0,
2014,3,NC,0.0,
2014,4,NC,0.0,
2014,5,NC,0.0,
2014,6,NC,0.0,
2014,7,NC,0.0,
2014,8,NC,0.0,
2014,9,NC,0.0,
2014,10,NC,0.0,
2014,11,NC,0.0,
2014,12,NC,0.0,
2015,1,NC,0.0,
2015,2,NC,0.0,
2015,3,NC,0.0,
2015,4,NC,0.0,
2015,5,NC,0.0,
2015,6,NC,0.0,
2015,7,NC,0.0,
2015,8,NC,0.0,
2015,9,NC,0.0,
2015,10,NC,0.0,
2015,11,NC,0.0,
2015,12,NC,0.0,
2016,1,NC,0.0,
2016,2,NC,0.0,
2016,3,NC,0.0,
2016,4,NC,0.0,
2016,5,NC,0.0,
2016,6,NC,0.0,
2016,7,NC,0.0,
2016,8,NC,0.0,
2016,9,NC,0.0,
2016,10,NC,0.0,
2016,11,NC,0.0,
2016,12,NC,0.0,
2017,1,NC,0.0,
2017,2,NC,0.0,
2017,3,NC,0.0,
2017,4,NC,0.0,
2017,5,NC,0.0,
2017,6,NC,0.0,
2017,7,NC,9.0,0.03932178932178932
2017,8,NC,6.0,0.26666666666666666
2017,9,NC,10.0,0.14517045454545455
2017,10,NC,10.0,0.088
2017,11,NC,2.0,-0.0125
2017,12,NC,5.0,0.11321428571428571
2018,1,NC,5.0,0.22253333333333333
2018,2,NC,14.0,0.09615823412698413
2018,3,NC,18.0,0.08232429335370511
2018,4,NC,16.0,0.22778014520202017
2018,5,NC,3.0,0.05000000000000001
2018,6,NC,5.0,0.08
2018,7,NC,2.0,0.06583333333333333
2018,8,NC,7.0,0.08005952380952382
2018,9,NC,11.0,0.08806818181818182
2018,10,NC,6.0,0.2507638888888889
2018,11,NC,0.0,
2018,12,NC,0.0,
2019,1,NC,0.0,
2019,2,NC,0.0,
2019,3,NC,0.0,
2019,4,NC,0.0,
2019,5,NC,0.0,
2019,6,NC,14.0,0.07553192640692642
2019,7,NC,11.0,0.150323547979798
2019,8,NC,0.0,
2019,9,NC,0.0,
2019,10,NC,0.0,
2019,11,NC,0.0,
2019,12,NC,0.0,
2020,1,NC,0.0,
2012,1,ND,0.0,
2012,2,ND,0.0,
2012,3,ND,0.0,
2012,4,ND,0.0,
2012,5,ND,0.0,
2012,6,ND,0.0,
2012,7,ND,0.0,
2012,8,ND,0.0,
2012,9,ND,0.0,
2012,10,ND,0.0,
2012,11,ND,0.0,
2012,12,ND,0.0,
2013,1,ND,0.0,
2013,2,ND,0.0,
2013,3,ND,0.0,
2013,4,ND,0.0,
2013,5,ND,0.0,
2013,6,ND,0.0,
2013,7,ND,0.0,
2013,8,ND,0.0,
2013,9,ND,0.0,
2013,10,ND,0.0,
2013,11,ND,0.0,
2013,12,ND,0.0,
2014,1,ND,0.0,
2014,2,ND,0.0,
2014,3,ND,0.0,
2014,4,ND,0.0,
2014,5,ND,0.0,
2014,6,ND,0.0,
2014,7,ND,0.0,
2014,8,ND,0.0,
2014,9,ND,0.0,
2014,10,ND,0.0,
2014,11,ND,0.0,
2014,12,ND,0.0,
2015,1,ND,0.0,
2015,2,ND,0.0,
2015,3,ND,0.0,
2015,4,ND,0.0,
2015,5,ND,0.0,
2015,6,ND,0.0,
2015,7,ND,0.0,
2015,8,ND,0.0,
2015,9,ND,0.0,
2015,10,ND,0.0,
2015,11,ND,0.0,
2015,12,ND,0.0,
2016,1,ND,0.0,
2016,2,ND,0.0,
2016,3,ND,0.0,
2016,4,ND,0.0,
2016,5,ND,0.0,
2016,6,ND,0.0,
2016,7,ND,0.0,
2016,8,ND,0.0,
2016,9,ND,0.0,
2016,10,ND,0.0,
2016,11,ND,0.0,
2016,12,ND,0.0,
2017,1,ND,0.0,
2017,2,ND,0.0,
2017,3,ND,0.0,
2017,4,ND,0.0,
2017,5,ND,0.0,
2017,6,ND,0.0,
2017,7,ND,2.0,0.0
2017,8,ND,0.0,
2017,9,ND,0.0,
2017,10,ND,0.0,
2017,11,ND,0.0,
2017,12,ND,0.0,
2018,1,ND,0.0,
2018,2,ND,0.0,
2018,3,ND,0.0,
2018,4,ND,0.0,
2018,5,ND,0.0,
2018,6,ND,0.0,
2018,7,ND,0.0,
2018,8,ND,0.0,
2018,9,ND,0.0,
2018,10,ND,0.0,
2018,11,ND,0.0,
2018,12,ND,0.0,
2019,1,ND,0.0,
2019,2,ND,0.0,
2019,3,ND,0.0,
2019,4,ND,0.0,
2019,5,ND,0.0,
2019,6,ND,0.0,
2019,7,ND,0.0,
2019,8,ND,0.0,
2019,9,ND,0.0,
2019,10,ND,0.0,
2019,11,ND,0.0,
2019,12,ND,0.0,
2020,1,ND,0.0,
2012,1,OH,0.0,
2012,2,OH,0.0,
2012,3,OH,0.0,
2012,4,OH,0.0,
2012,5,OH,0.0,
2012,6,OH,0.0,
2012,7,OH,0.0,
2012,8,OH,0.0,
2012,9,OH,0.0,
2012,10,OH,0.0,
2012,11,OH,0.0,
2012,12,OH,0.0,
2013,1,OH,0.0,
2013,2,OH,0.0,
2013,3,OH,0.0,
2013,4,OH,1.0,0.0
2013,5,OH,0.0,
2013,6,OH,0.0,
2013,7,OH,0.0,
2013,8,OH,0.0,
2013,9,OH,0.0,
2013,10,OH,0.0,
2013,11,OH,1.0,0.48000000000000004
2013,12,OH,0.0,
2014,1,OH,0.0,
2014,2,OH,0.0,
2014,3,OH,1.0,0.1875
2014,4,OH,0.0,
2014,5,OH,0.0,
2014,6,OH,0.0,
2014,7,OH,0.0,
2014,8,OH,0.0,
2014,9,OH,0.0,
2014,10,OH,3.0,0.0
2014,11,OH,1.0,0.35
2014,12,OH,0.0,
2015,1,OH,1.0,0.75
2015,2,OH,1.0,0.0
2015,3,OH,0.0,
2015,4,OH,0.0,
2015,5,OH,0.0,
2015,6,OH,0.0,
2015,7,OH,0.0,
2015,8,OH,0.0,
2015,9,OH,0.0,
2015,10,OH,0.0,
2015,11,OH,0.0,
2015,12,OH,0.0,
2016,1,OH,0.0,
2016,2,OH,0.0,
2016,3,OH,0.0,
2016,4,OH,0.0,
2016,5,OH,0.0,
2016,6,OH,0.0,
2016,7,OH,0.0,
2016,8,OH,0.0,
2016,9,OH,0.0,
2016,10,OH,0.0,
2016,11,OH,0.0,
2016,12,OH,0.0,
2017,1,OH,0.0,
2017,2,OH,0.0,
2017,3,OH,0.0,
2017,4,OH,0.0,
2017,5,OH,0.0,
2017,6,OH,0.0,
2017,7,OH,59.0,0.026624293785310733
2017,8,OH,9.0,0.11203703703703703
2017,9,OH,20.0,0.16925568181818185
2017,10,OH,38.0,0.1530921052631579
2017,11,OH,5.0,-0.022031249999999995
2017,12,OH,2.0,0.0
2018,1,OH,8.0,0.06851934523809523
2018,2,OH,20.0,0.23978172348484844
2018,3,OH,28.0,0.12150331439393935
2018,4,OH,12.0,0.25864149305555556
2018,5,OH,11.0,0.051921774563820015
2018,6,OH,8.0,0.07194444444444445
2018,7,OH,14.0,0.2627556818181818
2018,8,OH,22.0,0.27027318640954995
2018,9,OH,34.0,0.07852124183006536
2018,10,OH,23.0,0.030999121651295564
2018,11,OH,0.0,
2018,12,OH,0.0,
2019,1,OH,0.0,
2019,2,OH,0.0,
2019,3,OH,0.0,
2019,4,OH,0.0,
2019,5,OH,0.0,
2019,6,OH,7.0,0.08045454545454545
2019,7,OH,7.0,0.10262445887445885
2019,8,OH,0.0,
2019,9,OH,0.0,
2019,10,OH,0.0,
2019,11,OH,0.0,
2019,12,OH,0.0,
2020,1,OH,0.0,
2012,1,OK,0.0,
2012,2,OK,0.0,
2012,3,OK,0.0,
2012,4,OK,0.0,
2012,5,OK,0.0,
2012,6,OK,0.0,
2012,7,OK,0.0,
2012,8,OK,0.0,
2012,9,OK,0.0,
2012,10,OK,0.0,
2012,11,OK,0.0,
2012,12,OK,0.0,
2013,1,OK,0.0,
2013,2,OK,0.0,
2013,3,OK,0.0,
2013,4,OK,0.0,
2013,5,OK,0.0,
2013,6,OK,0.0,
2013,7,OK,0.0,
2013,8,OK,0.0,
2013,9,OK,0.0,
2013,10,OK,0.0,
2013,11,OK,0.0,
2013,12,OK,0.0,
2014,1,OK,0.0,
2014,2,OK,0.0,
2014,3,OK,0.0,
2014,4,OK,0.0,
2014,5,OK,0.0,
2014,6,OK,0.0,
2014,7,OK,0.0,
2014,8,OK,0.0,
2014,9,OK,0.0,
2014,10,OK,0.0,
2014,11,OK,0.0,
2014,12,OK,0.0,
2015,1,OK,0.0,
2015,2,OK,0.0,
2015,3,OK,0.0,
2015,4,OK,0.0,
2015,5,OK,0.0,
2015,6,OK,0.0,
2015,7,OK,0.0,
2015,8,OK,0.0,
2015,9,OK,0.0,
2015,10,OK,0.0,
2015,11,OK,0.0,
2015,12,OK,0.0,
2016,1,OK,0.0,
2016,2,OK,0.0,
2016,3,OK,0.0,
2016,4,OK,0.0,
2016,5,OK,0.0,
2016,6,OK,0.0,
2016,7,OK,0.0,
2016,8,OK,0.0,
2016,9,OK,0.0,
2016,10,OK,0.0,
2016,11,OK,0.0,
2016,12,OK,0.0,
2017,1,OK,0.0,
2017,2,OK,0.0,
2017,3,OK,0.0,
2017,4,OK,0.0,
2017,5,OK,0.0,
2017,6,OK,0.0,
2017,7,OK,2.0,0.0
2017,8,OK,0.0,
2017,9,OK,1.0,0.0
2017,10,OK,3.0,0.10606060606060606
2017,11,OK,2.0,0.23750000000000002
2017,12,OK,0.0,
2018,1,OK,3.0,0.14025252525252527
2018,2,OK,3.0,0.0049452861952861945
2018,3,OK,4.0,0.15
2018,4,OK,4.0,-0.125
2018,5,OK,0.0,
2018,6,OK,1.0,0.0
2018,7,OK,0.0,
2018,8,OK,1.0,0.20625
2018,9,OK,0.0,
2018,10,OK,10.0,0.10636363636363637
2018,11,OK,0.0,
2018,12,OK,0.0,
2019,1,OK,0.0,
2019,2,OK,0.0,
2019,3,OK,0.0,
2019,4,OK,0.0,
2019,5,OK,0.0,
2019,6,OK,0.0,
2019,7,OK,0.0,
2019,8,OK,0.0,
2019,9,OK,0.0,
2019,10,OK,0.0,
2019,11,OK,0.0,
2019,12,OK,0.0,
2020,1,OK,0.0,
2012,1,OR,0.0,
2012,2,OR,0.0,
2012,3,OR,0.0,
2012,4,OR,0.0,
2012,5,OR,0.0,
2012,6,OR,0.0,
2012,7,OR,0.0,
2012,8,OR,0.0,
2012,9,OR,0.0,
2012,10,OR,0.0,
2012,11,OR,0.0,
2012,12,OR,0.0,
2013,1,OR,0.0,
2013,2,OR,0.0,
2013,3,OR,0.0,
2013,4,OR,0.0,
2013,5,OR,0.0,
2013,6,OR,0.0,
2013,7,OR,0.0,
2013,8,OR,0.0,
2013,9,OR,0.0,
2013,10,OR,0.0,
2013,11,OR,0.0,
2013,12,OR,0.0,
2014,1,OR,1.0,0.017045454545454544
2014,2,OR,0.0,
2014,3,OR,0.0,
2014,4,OR,0.0,
2014,5,OR,0.0,
2014,6,OR,0.0,
2014,7,OR,0.0,
2014,8,OR,0.0,
2014,9,OR,0.0,
2014,10,OR,0.0,
2014,11,OR,0.0,
2014,12,OR,0.0,
2015,1,OR,0.0,
2015,2,OR,0.0,
2015,3,OR,0.0,
2015,4,OR,0.0,
2015,5,OR,0.0,
2015,6,OR,0.0,
2015,7,OR,0.0,
2015,8,OR,0.0,
2015,9,OR,0.0,
2015,10,OR,0.0,
2015,11,OR,0.0,
2015,12,OR,0.0,
2016,1,OR,0.0,
2016,2,OR,0.0,
2016,3,OR,0.0,
2016,4,OR,0.0,
2016,5,OR,0.0,
2016,6,OR,0.0,
2016,7,OR,0.0,
2016,8,OR,0.0,
2016,9,OR,0.0,
2016,10,OR,0.0,
2016,11,OR,0.0,
2016,12,OR,0.0,
2017,1,OR,0.0,
2017,2,OR,0.0,
2017,3,OR,0.0,
2017,4,OR,0.0,
2017,5,OR,0.0,
2017,6,OR,0.0,
2017,7,OR,9.0,0.02362514029180696
2017,8,OR,6.0,0.0375
2017,9,OR,7.0,0.11071428571428572
2017,10,OR,4.0,0.13125
2017,11,OR,1.0,0.3541666666666667
2017,12,OR,0.0,
2018,1,OR,3.0,0.10888888888888888
2018,2,OR,3.0,0.1625
2018,3,OR,5.0,0.12
2018,4,OR,2.0,0.25833333333333336
2018,5,OR,7.0,0.3551948051948052
2018,6,OR,1.0,0.25
2018,7,OR,1.0,0.09
2018,8,OR,2.0,0.0625
2018,9,OR,3.0,0.025000000000000005
2018,10,OR,10.0,0.10944444444444441
2018,11,OR,0.0,
2018,12,OR,0.0,
2019,1,OR,0.0,
2019,2,OR,0.0,
2019,3,OR,0.0,
2019,4,OR,0.0,
2019,5,OR,0.0,
2019,6,OR,5.0,0.12698863636363636
2019,7,OR,0.0,
2019,8,OR,0.0,
2019,9,OR,0.0,
2019,10,OR,0.0,
2019,11,OR,0.0,
2019,12,OR,0.0,
2020,1,OR,0.0,
2012,1,PA,0.0,
2012,2,PA,0.0,
2012,3,PA,0.0,
2012,4,PA,0.0,
2012,5,PA,0.0,
2012,6,PA,0.0,
2012,7,PA,0.0,
2012,8,PA,0.0,
2012,9,PA,0.0,
2012,10,PA,0.0,
2012,11,PA,0.0,
2012,12,PA,0.0,
2013,1,PA,0.0,
2013,2,PA,0.0,
2013,3,PA,0.0,
2013,4,PA,0.0,
2013,5,PA,0.0,
2013,6,PA,0.0,
2013,7,PA,0.0,
2013,8,PA,0.0,
2013,9,PA,0.0,
2013,10,PA,0.0,
2013,11,PA,0.0,
2013,12,PA,0.0,
2014,1,PA,0.0,
2014,2,PA,0.0,
2014,3,PA,1.0,0.03787878787878788
2014,4,PA,0.0,
2014,5,PA,0.0,
2014,6,PA,0.0,
2014,7,PA,0.0,
2014,8,PA,0.0,
2014,9,PA,0.0,
2014,10,PA,1.0,0.0
2014,11,PA,0.0,
2014,12,PA,0.0,
2015,1,PA,0.0,
2015,2,PA,0.0,
2015,3,PA,0.0,
2015,4,PA,0.0,
2015,5,PA,0.0,
2015,6,PA,0.0,
2015,7,PA,0.0,
2015,8,PA,0.0,
2015,9,PA,0.0,
2015,10,PA,0.0,
2015,11,PA,0.0,
2015,12,PA,0.0,
2016,1,PA,0.0,
2016,2,PA,0.0,
2016,3,PA,0.0,
2016,4,PA,0.0,
2016,5,PA,0.0,
2016,6,PA,0.0,
2016,7,PA,0.0,
2016,8,PA,0.0,
2016,9,PA,0.0,
2016,10,PA,0.0,
2016,11,PA,0.0,
2016,12,PA,0.0,
2017,1,PA,0.0,
2017,2,PA,0.0,
2017,3,PA,0.0,
2017,4,PA,0.0,
2017,5,PA,0.0,
2017,6,PA,0.0,
2017,7,PA,12.0,0.1420833333333333
2017,8,PA,18.0,0.2307070707070707
2017,9,PA,6.0,0.08888888888888889
2017,10,PA,7.0,0.10714285714285714
2017,11,PA,8.0,0.018750000000000003
2017,12,PA,8.0,0.20208333333333334
2018,1,PA,27.0,0.17780864197530868
2018,2,PA,24.0,0.10479166666666663
2018,3,PA,10.0,0.13041666666666665
2018,4,PA,7.0,0.33680555555555564
2018,5,PA,6.0,0.2402651515151515
2018,6,PA,3.0,0.041666666666666664
2018,7,PA,2.0,0.09583333333333333
2018,8,PA,3.0,0.06666666666666667
2018,9,PA,3.0,0.0
2018,10,PA,1.0,0.09583333333333333
2018,11,PA,0.0,
2018,12,PA,0.0,
2019,1,PA,0.0,
2019,2,PA,0.0,
2019,3,PA,0.0,
2019,4,PA,0.0,
2019,5,PA,0.0,
2019,6,PA,11.0,0.1288352272727273
2019,7,PA,14.0,0.14386337868480728
2019,8,PA,0.0,
2019,9,PA,0.0,
2019,10,PA,0.0,
2019,11,PA,0.0,
2019,12,PA,0.0,
2020,1,PA,0.0,
2012,1,RI,0.0,
2012,2,RI,0.0,
2012,3,RI,0.0,
2012,4,RI,0.0,
2012,5,RI,0.0,
2012,6,RI,0.0,
2012,7,RI,0.0,
2012,8,RI,0.0,
2012,9,RI,0.0,
2012,10,RI,0.0,
2012,11,RI,0.0,
2012,12,RI,0.0,
2013,1,RI,0.0,
2013,2,RI,0.0,
2013,3,RI,0.0,
2013,4,RI,0.0,
2013,5,RI,0.0,
2013,6,RI,0.0,
2013,7,RI,0.0,
2013,8,RI,0.0,
2013,9,RI,0.0,
2013,10,RI,0.0,
2013,11,RI,0.0,
2013,12,RI,0.0,
2014,1,RI,0.0,
2014,2,RI,0.0,
2014,3,RI,0.0,
2014,4,RI,0.0,
2014,5,RI,1.0,-0.05
2014,6,RI,0.0,
2014,7,RI,0.0,
2014,8,RI,0.0,
2014,9,RI,0.0,
2014,10,RI,0.0,
2014,11,RI,0.0,
2014,12,RI,0.0,
2015,1,RI,0.0,
2015,2,RI,0.0,
2015,3,RI,0.0,
2015,4,RI,0.0,
2015,5,RI,0.0,
2015,6,RI,0.0,
2015,7,RI,0.0,
2015,8,RI,0.0,
2015,9,RI,0.0,
2015,10,RI,0.0,
2015,11,RI,0.0,
2015,12,RI,0.0,
2016,1,RI,0.0,
2016,2,RI,0.0,
2016,3,RI,0.0,
2016,4,RI,0.0,
2016,5,RI,0.0,
2016,6,RI,0.0,
2016,7,RI,0.0,
2016,8,RI,0.0,
2016,9,RI,0.0,
2016,10,RI,0.0,
2016,11,RI,0.0,
2016,12,RI,0.0,
2017,1,RI,0.0,
2017,2,RI,0.0,
2017,3,RI,0.0,
2017,4,RI,0.0,
2017,5,RI,0.0,
2017,6,RI,0.0,
2017,7,RI,1.0,0.0
2017,8,RI,0.0,
2017,9,RI,0.0,
2017,10,RI,0.0,
2017,11,RI,0.0,
2017,12,RI,0.0,
2018,1,RI,4.0,0.11375
2018,2,RI,0.0,
2018,3,RI,4.0,-0.0390625
2018,4,RI,1.0,0.1
2018,5,RI,2.0,0.0
2018,6,RI,0.0,
2018,7,RI,0.0,
2018,8,RI,0.0,
2018,9,RI,1.0,0.13636363636363635
2018,10,RI,0.0,
2018,11,RI,0.0,
2018,12,RI,0.0,
2019,1,RI,0.0,
2019,2,RI,0.0,
2019,3,RI,0.0,
2019,4,RI,0.0,
2019,5,RI,0.0,
2019,6,RI,0.0,
2019,7,RI,0.0,
2019,8,RI,0.0,
2019,9,RI,0.0,
2019,10,RI,0.0,
2019,11,RI,0.0,
2019,12,RI,0.0,
2020,1,RI,0.0,
2012,1,SC,0.0,
2012,2,SC,0.0,
2012,3,SC,0.0,
2012,4,SC,0.0,
2012,5,SC,0.0,
2012,6,SC,0.0,
2012,7,SC,0.0,
2012,8,SC,0.0,
2012,9,SC,0.0,
2012,10,SC,0.0,
2012,11,SC,0.0,
2012,12,SC,0.0,
2013,1,SC,0.0,
2013,2,SC,0.0,
2013,3,SC,0.0,
2013,4,SC,0.0,
2013,5,SC,0.0,
2013,6,SC,0.0,
2013,7,SC,0.0,
2013,8,SC,0.0,
2013,9,SC,0.0,
2013,10,SC,0.0,
2013,11,SC,0.0,
2013,12,SC,0.0,
2014,1,SC,0.0,
2014,2,SC,1.0,0.09999999999999999
2014,3,SC,1.0,0.1375
2014,4,SC,0.0,
2014,5,SC,0.0,
2014,6,SC,0.0,
2014,7,SC,0.0,
2014,8,SC,0.0,
2014,9,SC,0.0,
2014,10,SC,0.0,
2014,11,SC,0.0,
2014,12,SC,0.0,
2015,1,SC,0.0,
2015,2,SC,0.0,
2015,3,SC,0.0,
2015,4,SC,0.0,
2015,5,SC,0.0,
2015,6,SC,0.0,
2015,7,SC,0.0,
2015,8,SC,0.0,
2015,9,SC,0.0,
2015,10,SC,0.0,
2015,11,SC,0.0,
2015,12,SC,0.0,
2016,1,SC,0.0,
2016,2,SC,0.0,
2016,3,SC,0.0,
2016,4,SC,0.0,
2016,5,SC,0.0,
2016,6,SC,0.0,
2016,7,SC,0.0,
2016,8,SC,0.0,
2016,9,SC,0.0,
2016,10,SC,0.0,
2016,11,SC,0.0,
2016,12,SC,0.0,
2017,1,SC,0.0,
2017,2,SC,0.0,
2017,3,SC,0.0,
2017,4,SC,0.0,
2017,5,SC,0.0,
2017,6,SC,0.0,
2017,7,SC,4.0,0.08333333333333333
2017,8,SC,1.0,0.0
2017,9,SC,4.0,0.19375000000000003
2017,10,SC,7.0,0.13452380952380952
2017,11,SC,1.0,0.1111111111111111
2017,12,SC,2.0,0.05
2018,1,SC,4.0,0.09
2018,2,SC,1.0,0.25
2018,3,SC,5.0,0.03214285714285714
2018,4,SC,1.0,0.0
2018,5,SC,0.0,
2018,6,SC,2.0,0.3125
2018,7,SC,0.0,
2018,8,SC,1.0,0.4
2018,9,SC,2.0,0.19333333333333336
2018,10,SC,1.0,0.21875
2018,11,SC,0.0,
2018,12,SC,0.0,
2019,1,SC,0.0,
2019,2,SC,0.0,
2019,3,SC,0.0,
2019,4,SC,0.0,
2019,5,SC,0.0,
2019,6,SC,1.0,0.3541666666666667
2019,7,SC,4.0,0.2916666666666667
2019,8,SC,0.0,
2019,9,SC,0.0,
2019,10,SC,0.0,
2019,11,SC,0.0,
2019,12,SC,0.0,
2020,1,SC,0.0,
2012,1,SD,0.0,
2012,2,SD,0.0,
2012,3,SD,0.0,
2012,4,SD,0.0,
2012,5,SD,0.0,
2012,6,SD,0.0,
2012,7,SD,0.0,
2012,8,SD,0.0,
2012,9,SD,0.0,
2012,10,SD,0.0,
2012,11,SD,0.0,
2012,12,SD,0.0,
2013,1,SD,0.0,
2013,2,SD,0.0,
2013,3,SD,0.0,
2013,4,SD,0.0,
2013,5,SD,0.0,
2013,6,SD,0.0,
2013,7,SD,0.0,
2013,8,SD,0.0,
2013,9,SD,0.0,
2013,10,SD,0.0,
2013,11,SD,0.0,
2013,12,SD,0.0,
2014,1,SD,0.0,
2014,2,SD,0.0,
2014,3,SD,0.0,
2014,4,SD,0.0,
2014,5,SD,0.0,
2014,6,SD,0.0,
2014,7,SD,0.0,
2014,8,SD,0.0,
2014,9,SD,0.0,
2014,10,SD,0.0,
2014,11,SD,0.0,
2014,12,SD,0.0,
2015,1,SD,0.0,
2015,2,SD,0.0,
2015,3,SD,0.0,
2015,4,SD,0.0,
2015,5,SD,0.0,
2015,6,SD,0.0,
2015,7,SD,0.0,
2015,8,SD,0.0,
2015,9,SD,0.0,
2015,10,SD,0.0,
2015,11,SD,0.0,
2015,12,SD,0.0,
2016,1,SD,0.0,
2016,2,SD,0.0,
2016,3,SD,0.0,
2016,4,SD,0.0,
2016,5,SD,0.0,
2016,6,SD,0.0,
2016,7,SD,0.0,
2016,8,SD,0.0,
2016,9,SD,0.0,
2016,10,SD,0.0,
2016,11,SD,0.0,
2016,12,SD,0.0,
2017,1,SD,0.0,
2017,2,SD,0.0,
2017,3,SD,0.0,
2017,4,SD,0.0,
2017,5,SD,0.0,
2017,6,SD,0.0,
2017,7,SD,0.0,
2017,8,SD,2.0,0.15666666666666665
2017,9,SD,0.0,
2017,10,SD,0.0,
2017,11,SD,0.0,
2017,12,SD,0.0,
2018,1,SD,0.0,
2018,2,SD,1.0,0.16
2018,3,SD,4.0,0.17031249999999998
2018,4,SD,0.0,
2018,5,SD,0.0,
2018,6,SD,0.0,
2018,7,SD,0.0,
2018,8,SD,2.0,0.1611111111111111
2018,9,SD,0.0,
2018,10,SD,0.0,
2018,11,SD,0.0,
2018,12,SD,0.0,
2019,1,SD,0.0,
2019,2,SD,0.0,
2019,3,SD,0.0,
2019,4,SD,0.0,
2019,5,SD,0.0,
2019,6,SD,0.0,
2019,7,SD,0.0,
2019,8,SD,0.0,
2019,9,SD,0.0,
2019,10,SD,0.0,
2019,11,SD,0.0,
2019,12,SD,0.0,
2020,1,SD,0.0,
2012,1,TN,0.0,
2012,2,TN,0.0,
2012,3,TN,0.0,
2012,4,TN,0.0,
2012,5,TN,0.0,
2012,6,TN,0.0,
2012,7,TN,0.0,
2012,8,TN,0.0,
2012,9,TN,0.0,
2012,10,TN,0.0,
2012,11,TN,0.0,
2012,12,TN,0.0,
2013,1,TN,0.0,
2013,2,TN,0.0,
2013,3,TN,0.0,
2013,4,TN,0.0,
2013,5,TN,0.0,
2013,6,TN,0.0,
2013,7,TN,0.0,
2013,8,TN,0.0,
2013,9,TN,0.0,
2013,10,TN,0.0,
2013,11,TN,1.0,0.0
2013,12,TN,0.0,
2014,1,TN,0.0,
2014,2,TN,0.0,
2014,3,TN,0.0,
2014,4,TN,0.0,
2014,5,TN,0.0,
2014,6,TN,0.0,
2014,7,TN,1.0,0.0
2014,8,TN,0.0,
2014,9,TN,0.0,
2014,10,TN,0.0,
2014,11,TN,0.0,
2014,12,TN,0.0,
2015,1,TN,0.0,
2015,2,TN,0.0,
2015,3,TN,0.0,
2015,4,TN,0.0,
2015,5,TN,0.0,
2015,6,TN,0.0,
2015,7,TN,0.0,
2015,8,TN,0.0,
2015,9,TN,0.0,
2015,10,TN,0.0,
2015,11,TN,0.0,
2015,12,TN,0.0,
2016,1,TN,0.0,
2016,2,TN,0.0,
2016,3,TN,0.0,
2016,4,TN,0.0,
2016,5,TN,0.0,
2016,6,TN,0.0,
2016,7,TN,0.0,
2016,8,TN,0.0,
2016,9,TN,0.0,
2016,10,TN,1.0,0.0
2016,11,TN,0.0,
2016,12,TN,0.0,
2017,1,TN,0.0,
2017,2,TN,0.0,
2017,3,TN,0.0,
2017,4,TN,0.0,
2017,5,TN,0.0,
2017,6,TN,0.0,
2017,7,TN,8.0,0.028571428571428574
2017,8,TN,14.0,0.18522727272727274
2017,9,TN,19.0,0.18020833333333333
2017,10,TN,10.0,0.10750000000000001
2017,11,TN,33.0,0.02676767676767677
2017,12,TN,3.0,0.17872474747474745
2018,1,TN,4.0,0.28669981060606065
2018,2,TN,5.0,0.14906250000000001
2018,3,TN,12.0,0.1365873015873016
2018,4,TN,5.0,0.11083333333333334
2018,5,TN,3.0,0.044444444444444446
2018,6,TN,3.0,0.23576479076479076
2018,7,TN,11.0,0.03348484848484848
2018,8,TN,7.0,0.10773809523809527
2018,9,TN,5.0,0.011363636363636364
2018,10,TN,4.0,0.06799242424242424
2018,11,TN,0.0,
2018,12,TN,0.0,
2019,1,TN,0.0,
2019,2,TN,0.0,
2019,3,TN,0.0,
2019,4,TN,0.0,
2019,5,TN,0.0,
2019,6,TN,12.0,0.1260416666666667
2019,7,TN,5.0,0.03200000000000001
2019,8,TN,0.0,
2019,9,TN,0.0,
2019,10,TN,0.0,
2019,11,TN,0.0,
2019,12,TN,0.0,
2020,1,TN,0.0,
2012,1,TX,0.0,
2012,2,TX,0.0,
2012,3,TX,0.0,
2012,4,TX,0.0,
2012,5,TX,0.0,
2012,6,TX,0.0,
2012,7,TX,0.0,
2012,8,TX,0.0,
2012,9,TX,0.0,
2012,10,TX,0.0,
2012,11,TX,0.0,
2012,12,TX,0.0,
2013,1,TX,0.0,
2013,2,TX,0.0,
2013,3,TX,0.0,
2013,4,TX,0.0,
2013,5,TX,0.0,
2013,6,TX,0.0,
2013,7,TX,0.0,
2013,8,TX,0.0,
2013,9,TX,1.0,0.08
2013,10,TX,0.0,
2013,11,TX,0.0,
2013,12,TX,0.0,
2014,1,TX,0.0,
2014,2,TX,1.0,0.0
2014,3,TX,0.0,
2014,4,TX,3.0,0.38888888888888884
2014,5,TX,1.0,0.0
2014,6,TX,0.0,
2014,7,TX,0.0,
2014,8,TX,0.0,
2014,9,TX,0.0,
2014,10,TX,0.0,
2014,11,TX,0.0,
2014,12,TX,0.0,
2015,1,TX,0.0,
2015,2,TX,0.0,
2015,3,TX,0.0,
2015,4,TX,0.0,
2015,5,TX,0.0,
2015,6,TX,0.0,
2015,7,TX,0.0,
2015,8,TX,1.0,1.0
2015,9,TX,1.0,0.0625
2015,10,TX,0.0,
2015,11,TX,0.0,
2015,12,TX,0.0,
2016,1,TX,5.0,0.18
2016,2,TX,3.0,0.016666666666666663
2016,3,TX,0.0,
2016,4,TX,0.0,
2016,5,TX,0.0,
2016,6,TX,1.0,-0.11249999999999999
2016,7,TX,0.0,
2016,8,TX,0.0,
2016,9,TX,0.0,
2016,10,TX,0.0,
2016,11,TX,0.0,
2016,12,TX,0.0,
2017,1,TX,0.0,
2017,2,TX,0.0,
2017,3,TX,0.0,
2017,4,TX,0.0,
2017,5,TX,0.0,
2017,6,TX,0.0,
2017,7,TX,30.0,0.050902777777777776
2017,8,TX,45.0,0.14111111111111113
2017,9,TX,43.0,0.14522551092318536
2017,10,TX,57.0,0.07186868686868687
2017,11,TX,56.0,0.12142857142857143
2017,12,TX,43.0,0.09135952548743248
2018,1,TX,26.0,0.23322625291375287
2018,2,TX,50.0,0.12089599567099567
2018,3,TX,68.0,0.19149939521263057
2018,4,TX,16.0,0.16188871837797617
2018,5,TX,23.0,0.16036524666959445
2018,6,TX,32.0,0.1086545138888889
2018,7,TX,18.0,0.1609343434343434
2018,8,TX,34.0,0.10259968381291915
2018,9,TX,41.0,0.0977320152746982
2018,10,TX,51.0,0.13991310160427814
2018,11,TX,0.0,
2018,12,TX,0.0,
2019,1,TX,0.0,
2019,2,TX,0.0,
2019,3,TX,0.0,
2019,4,TX,0.0,
2019,5,TX,0.0,
2019,6,TX,146.0,0.1811535619087702
2019,7,TX,23.0,0.2081547619047619
2019,8,TX,0.0,
2019,9,TX,0.0,
2019,10,TX,0.0,
2019,11,TX,0.0,
2019,12,TX,0.0,
2020,1,TX,0.0,
2012,1,UT,0.0,
2012,2,UT,0.0,
2012,3,UT,0.0,
2012,4,UT,0.0,
2012,5,UT,0.0,
2012,6,UT,0.0,
2012,7,UT,1.0,0.015555555555555557
2012,8,UT,0.0,
2012,9,UT,0.0,
2012,10,UT,0.0,
2012,11,UT,0.0,
2012,12,UT,0.0,
2013,1,UT,0.0,
2013,2,UT,0.0,
2013,3,UT,0.0,
2013,4,UT,0.0,
2013,5,UT,0.0,
2013,6,UT,0.0,
2013,7,UT,0.0,
2013,8,UT,0.0,
2013,9,UT,0.0,
2013,10,UT,0.0,
2013,11,UT,0.0,
2013,12,UT,0.0,
2014,1,UT,0.0,
2014,2,UT,0.0,
2014,3,UT,0.0,
2014,4,UT,0.0,
2014,5,UT,0.0,
2014,6,UT,0.0,
2014,7,UT,0.0,
2014,8,UT,0.0,
2014,9,UT,0.0,
2014,10,UT,0.0,
2014,11,UT,0.0,
2014,12,UT,0.0,
2015,1,UT,0.0,
2015,2,UT,0.0,
2015,3,UT,0.0,
2015,4,UT,0.0,
2015,5,UT,0.0,
2015,6,UT,0.0,
2015,7,UT,0.0,
2015,8,UT,0.0,
2015,9,UT,0.0,
2015,10,UT,0.0,
2015,11,UT,0.0,
2015,12,UT,0.0,
2016,1,UT,0.0,
2016,2,UT,0.0,
2016,3,UT,0.0,
2016,4,UT,0.0,
2016,5,UT,0.0,
2016,6,UT,0.0,
2016,7,UT,0.0,
2016,8,UT,0.0,
2016,9,UT,0.0,
2016,10,UT,0.0,
2016,11,UT,0.0,
2016,12,UT,0.0,
2017,1,UT,0.0,
2017,2,UT,0.0,
2017,3,UT,0.0,
2017,4,UT,0.0,
2017,5,UT,0.0,
2017,6,UT,0.0,
2017,7,UT,3.0,0.2916666666666667
2017,8,UT,9.0,0.05555555555555555
2017,9,UT,7.0,0.05140692640692641
2017,10,UT,6.0,0.02777777777777778
2017,11,UT,7.0,0.09926136363636363
2017,12,UT,3.0,0.15833333333333333
2018,1,UT,6.0,0.053888888888888896
2018,2,UT,1.0,0.3
2018,3,UT,10.0,0.12291666666666665
2018,4,UT,1.0,0.03333333333333333
2018,5,UT,4.0,0.2258494543650794
2018,6,UT,1.0,0.04545454545454545
2018,7,UT,2.0,0.045
2018,8,UT,3.0,-0.01851851851851852
2018,9,UT,1.0,0.17500000000000002
2018,10,UT,0.0,
2018,11,UT,0.0,
2018,12,UT,0.0,
2019,1,UT,0.0,
2019,2,UT,0.0,
2019,3,UT,0.0,
2019,4,UT,0.0,
2019,5,UT,0.0,
2019,6,UT,4.0,0.0
2019,7,UT,3.0,0.4916666666666667
2019,8,UT,0.0,
2019,9,UT,0.0,
2019,10,UT,0.0,
2019,11,UT,0.0,
2019,12,UT,0.0,
2020,1,UT,0.0,
2012,1,VT,0.0,
2012,2,VT,0.0,
2012,3,VT,0.0,
2012,4,VT,0.0,
2012,5,VT,0.0,
2012,6,VT,0.0,
2012,7,VT,0.0,
2012,8,VT,0.0,
2012,9,VT,0.0,
2012,10,VT,0.0,
2012,11,VT,0.0,
2012,12,VT,0.0,
2013,1,VT,0.0,
2013,2,VT,0.0,
2013,3,VT,0.0,
2013,4,VT,0.0,
2013,5,VT,0.0,
2013,6,VT,0.0,
2013,7,VT,0.0,
2013,8,VT,0.0,
2013,9,VT,0.0,
2013,10,VT,0.0,
2013,11,VT,0.0,
2013,12,VT,0.0,
2014,1,VT,0.0,
2014,2,VT,0.0,
2014,3,VT,0.0,
2014,4,VT,0.0,
2014,5,VT,0.0,
2014,6,VT,0.0,
2014,7,VT,0.0,
2014,8,VT,0.0,
2014,9,VT,0.0,
2014,10,VT,0.0,
2014,11,VT,0.0,
2014,12,VT,0.0,
2015,1,VT,0.0,
2015,2,VT,0.0,
2015,3,VT,0.0,
2015,4,VT,0.0,
2015,5,VT,0.0,
2015,6,VT,0.0,
2015,7,VT,0.0,
2015,8,VT,0.0,
2015,9,VT,0.0,
2015,10,VT,0.0,
2015,11,VT,0.0,
2015,12,VT,0.0,
2016,1,VT,0.0,
2016,2,VT,0.0,
2016,3,VT,0.0,
2016,4,VT,0.0,
2016,5,VT,0.0,
2016,6,VT,0.0,
2016,7,VT,0.0,
2016,8,VT,0.0,
2016,9,VT,0.0,
2016,10,VT,0.0,
2016,11,VT,0.0,
2016,12,VT,0.0,
2017,1,VT,0.0,
2017,2,VT,0.0,
2017,3,VT,0.0,
2017,4,VT,0.0,
2017,5,VT,0.0,
2017,6,VT,0.0,
2017,7,VT,0.0,
2017,8,VT,0.0,
2017,9,VT,2.0,0.075
2017,10,VT,2.0,0.65
2017,11,VT,0.0,
2017,12,VT,1.0,0.4
2018,1,VT,3.0,0.1328395061728395
2018,2,VT,1.0,0.0
2018,3,VT,4.0,0.13392857142857142
2018,4,VT,0.0,
2018,5,VT,0.0,
2018,6,VT,3.0,0.09120370370370372
2018,7,VT,7.0,0.0
2018,8,VT,0.0,
2018,9,VT,0.0,
2018,10,VT,0.0,
2018,11,VT,0.0,
2018,12,VT,0.0,
2019,1,VT,0.0,
2019,2,VT,0.0,
2019,3,VT,0.0,
2019,4,VT,0.0,
2019,5,VT,0.0,
2019,6,VT,1.0,0.6
2019,7,VT,0.0,
2019,8,VT,0.0,
2019,9,VT,0.0,
2019,10,VT,0.0,
2019,11,VT,0.0,
2019,12,VT,0.0,
2020,1,VT,0.0,
2012,1,VA,0.0,
2012,2,VA,0.0,
2012,3,VA,0.0,
2012,4,VA,0.0,
2012,5,VA,0.0,
2012,6,VA,0.0,
2012,7,VA,0.0,
2012,8,VA,0.0,
2012,9,VA,0.0,
2012,10,VA,0.0,
2012,11,VA,0.0,
2012,12,VA,0.0,
2013,1,VA,0.0,
2013,2,VA,0.0,
2013,3,VA,0.0,
2013,4,VA,0.0,
2013,5,VA,0.0,
2013,6,VA,0.0,
2013,7,VA,0.0,
2013,8,VA,0.0,
2013,9,VA,0.0,
2013,10,VA,0.0,
2013,11,VA,0.0,
2013,12,VA,0.0,
2014,1,VA,0.0,
2014,2,VA,0.0,
2014,3,VA,0.0,
2014,4,VA,0.0,
2014,5,VA,0.0,
2014,6,VA,1.0,0.0
2014,7,VA,0.0,
2014,8,VA,1.0,0.09375
2014,9,VA,0.0,
2014,10,VA,0.0,
2014,11,VA,0.0,
2014,12,VA,0.0,
2015,1,VA,0.0,
2015,2,VA,0.0,
2015,3,VA,0.0,
2015,4,VA,0.0,
2015,5,VA,0.0,
2015,6,VA,0.0,
2015,7,VA,0.0,
2015,8,VA,0.0,
2015,9,VA,0.0,
2015,10,VA,0.0,
2015,11,VA,0.0,
2015,12,VA,0.0,
2016,1,VA,0.0,
2016,2,VA,0.0,
2016,3,VA,0.0,
2016,4,VA,0.0,
2016,5,VA,0.0,
2016,6,VA,0.0,
2016,7,VA,0.0,
2016,8,VA,0.0,
2016,9,VA,0.0,
2016,10,VA,0.0,
2016,11,VA,0.0,
2016,12,VA,0.0,
2017,1,VA,0.0,
2017,2,VA,0.0,
2017,3,VA,0.0,
2017,4,VA,0.0,
2017,5,VA,0.0,
2017,6,VA,0.0,
2017,7,VA,6.0,0.21775793650793648
2017,8,VA,5.0,0.17416666666666666
2017,9,VA,12.0,0.07916666666666666
2017,10,VA,10.0,0.0725
2017,11,VA,14.0,0.15487979282622139
2017,12,VA,0.0,
2018,1,VA,7.0,0.13858843537414964
2018,2,VA,10.0,0.0008333333333333333
2018,3,VA,17.0,0.10046685340802985
2018,4,VA,7.0,0.30476190476190473
2018,5,VA,6.0,0.2722222222222222
2018,6,VA,9.0,0.2225412457912458
2018,7,VA,4.0,0.26749999999999996
2018,8,VA,13.0,0.18986013986013986
2018,9,VA,22.0,0.23871456037649222
2018,10,VA,11.0,0.3931818181818182
2018,11,VA,0.0,
2018,12,VA,0.0,
2019,1,VA,0.0,
2019,2,VA,0.0,
2019,3,VA,0.0,
2019,4,VA,0.0,
2019,5,VA,0.0,
2019,6,VA,8.0,0.03625
2019,7,VA,10.0,0.13248106060606057
2019,8,VA,0.0,
2019,9,VA,0.0,
2019,10,VA,0.0,
2019,11,VA,0.0,
2019,12,VA,0.0,
2020,1,VA,0.0,
2012,1,WA,0.0,
2012,2,WA,0.0,
2012,3,WA,0.0,
2012,4,WA,0.0,
2012,5,WA,0.0,
2012,6,WA,0.0,
2012,7,WA,0.0,
2012,8,WA,0.0,
2012,9,WA,0.0,
2012,10,WA,0.0,
2012,11,WA,0.0,
2012,12,WA,0.0,
2013,1,WA,0.0,
2013,2,WA,0.0,
2013,3,WA,0.0,
2013,4,WA,0.0,
2013,5,WA,0.0,
2013,6,WA,0.0,
2013,7,WA,0.0,
2013,8,WA,0.0,
2013,9,WA,0.0,
2013,10,WA,0.0,
2013,11,WA,0.0,
2013,12,WA,0.0,
2014,1,WA,0.0,
2014,2,WA,0.0,
2014,3,WA,0.0,
2014,4,WA,0.0,
2014,5,WA,0.0,
2014,6,WA,0.0,
2014,7,WA,0.0,
2014,8,WA,0.0,
2014,9,WA,0.0,
2014,10,WA,0.0,
2014,11,WA,0.0,
2014,12,WA,0.0,
2015,1,WA,0.0,
2015,2,WA,1.0,0.05
2015,3,WA,0.0,
2015,4,WA,1.0,0.06666666666666667
2015,5,WA,0.0,
2015,6,WA,0.0,
2015,7,WA,0.0,
2015,8,WA,0.0,
2015,9,WA,0.0,
2015,10,WA,0.0,
2015,11,WA,0.0,
2015,12,WA,0.0,
2016,1,WA,0.0,
2016,2,WA,0.0,
2016,3,WA,0.0,
2016,4,WA,0.0,
2016,5,WA,0.0,
2016,6,WA,0.0,
2016,7,WA,0.0,
2016,8,WA,0.0,
2016,9,WA,0.0,
2016,10,WA,0.0,
2016,11,WA,0.0,
2016,12,WA,0.0,
2017,1,WA,0.0,
2017,2,WA,0.0,
2017,3,WA,0.0,
2017,4,WA,0.0,
2017,5,WA,0.0,
2017,6,WA,0.0,
2017,7,WA,45.0,0.18472350489017159
2017,8,WA,33.0,0.17300734618916436
2017,9,WA,31.0,0.09176441837732159
2017,10,WA,24.0,0.13133680555555557
2017,11,WA,14.0,0.0919439935064935
2017,12,WA,14.0,0.11607142857142858
2018,1,WA,18.0,0.08385802469135806
2018,2,WA,18.0,0.11891835016835017
2018,3,WA,24.0,0.10482142857142855
2018,4,WA,17.0,0.10861408199643495
2018,5,WA,17.0,0.16744791666666664
2018,6,WA,14.0,0.07646814123376623
2018,7,WA,29.0,0.008312434691745045
2018,8,WA,14.0,0.09110284391534389
2018,9,WA,26.0,0.08086892274392274
2018,10,WA,13.0,0.04125213675213675
2018,11,WA,0.0,
2018,12,WA,0.0,
2019,1,WA,0.0,
2019,2,WA,0.0,
2019,3,WA,0.0,
2019,4,WA,0.0,
2019,5,WA,0.0,
2019,6,WA,7.0,0.06208333333333333
2019,7,WA,26.0,0.10816883116883118
2019,8,WA,0.0,
2019,9,WA,0.0,
2019,10,WA,0.0,
2019,11,WA,0.0,
2019,12,WA,0.0,
2020,1,WA,0.0,
2012,1,WV,0.0,
2012,2,WV,0.0,
2012,3,WV,0.0,
2012,4,WV,0.0,
2012,5,WV,0.0,
2012,6,WV,0.0,
2012,7,WV,0.0,
2012,8,WV,0.0,
2012,9,WV,0.0,
2012,10,WV,0.0,
2012,11,WV,0.0,
2012,12,WV,0.0,
2013,1,WV,0.0,
2013,2,WV,0.0,
2013,3,WV,0.0,
2013,4,WV,0.0,
2013,5,WV,0.0,
2013,6,WV,0.0,
2013,7,WV,0.0,
2013,8,WV,0.0,
2013,9,WV,0.0,
2013,10,WV,0.0,
2013,11,WV,0.0,
2013,12,WV,0.0,
2014,1,WV,0.0,
2014,2,WV,0.0,
2014,3,WV,0.0,
2014,4,WV,1.0,0.0
2014,5,WV,0.0,
2014,6,WV,0.0,
2014,7,WV,0.0,
2014,8,WV,0.0,
2014,9,WV,0.0,
2014,10,WV,0.0,
2014,11,WV,0.0,
2014,12,WV,0.0,
2015,1,WV,0.0,
2015,2,WV,0.0,
2015,3,WV,0.0,
2015,4,WV,0.0,
2015,5,WV,0.0,
2015,6,WV,0.0,
2015,7,WV,0.0,
2015,8,WV,0.0,
2015,9,WV,0.0,
2015,10,WV,0.0,
2015,11,WV,0.0,
2015,12,WV,0.0,
2016,1,WV,0.0,
2016,2,WV,0.0,
2016,3,WV,0.0,
2016,4,WV,0.0,
2016,5,WV,0.0,
2016,6,WV,0.0,
2016,7,WV,0.0,
2016,8,WV,0.0,
2016,9,WV,0.0,
2016,10,WV,0.0,
2016,11,WV,0.0,
2016,12,WV,0.0,
2017,1,WV,0.0,
2017,2,WV,0.0,
2017,3,WV,0.0,
2017,4,WV,0.0,
2017,5,WV,0.0,
2017,6,WV,0.0,
2017,7,WV,0.0,
2017,8,WV,0.0,
2017,9,WV,1.0,0.0
2017,10,WV,0.0,
2017,11,WV,1.0,0.5
2017,12,WV,0.0,
2018,1,WV,0.0,
2018,2,WV,0.0,
2018,3,WV,2.0,0.15
2018,4,WV,0.0,
2018,5,WV,0.0,
2018,6,WV,0.0,
2018,7,WV,0.0,
2018,8,WV,0.0,
2018,9,WV,1.0,0.17222222222222222
2018,10,WV,0.0,
2018,11,WV,0.0,
2018,12,WV,0.0,
2019,1,WV,0.0,
2019,2,WV,0.0,
2019,3,WV,0.0,
2019,4,WV,0.0,
2019,5,WV,0.0,
2019,6,WV,1.0,-0.0062500000000000056
2019,7,WV,1.0,-0.09999999999999999
2019,8,WV,0.0,
2019,9,WV,0.0,
2019,10,WV,0.0,
2019,11,WV,0.0,
2019,12,WV,0.0,
2020,1,WV,0.0,
2012,1,WI,0.0,
2012,2,WI,0.0,
2012,3,WI,0.0,
2012,4,WI,0.0,
2012,5,WI,0.0,
2012,6,WI,0.0,
2012,7,WI,0.0,
2012,8,WI,0.0,
2012,9,WI,0.0,
2012,10,WI,0.0,
2012,11,WI,0.0,
2012,12,WI,0.0,
2013,1,WI,0.0,
2013,2,WI,0.0,
2013,3,WI,0.0,
2013,4,WI,0.0,
2013,5,WI,0.0,
2013,6,WI,0.0,
2013,7,WI,0.0,
2013,8,WI,0.0,
2013,9,WI,0.0,
2013,10,WI,0.0,
2013,11,WI,0.0,
2013,12,WI,0.0,
2014,1,WI,0.0,
2014,2,WI,0.0,
2014,3,WI,0.0,
2014,4,WI,0.0,
2014,5,WI,0.0,
2014,6,WI,0.0,
2014,7,WI,0.0,
2014,8,WI,0.0,
2014,9,WI,0.0,
2014,10,WI,0.0,
2014,11,WI,0.0,
2014,12,WI,0.0,
2015,1,WI,0.0,
2015,2,WI,0.0,
2015,3,WI,0.0,
2015,4,WI,0.0,
2015,5,WI,0.0,
2015,6,WI,0.0,
2015,7,WI,0.0,
2015,8,WI,0.0,
2015,9,WI,0.0,
2015,10,WI,1.0,0.0
2015,11,WI,0.0,
2015,12,WI,0.0,
2016,1,WI,0.0,
2016,2,WI,0.0,
2016,3,WI,0.0,
2016,4,WI,0.0,
2016,5,WI,0.0,
2016,6,WI,0.0,
2016,7,WI,0.0,
2016,8,WI,0.0,
2016,9,WI,0.0,
2016,10,WI,0.0,
2016,11,WI,0.0,
2016,12,WI,0.0,
2017,1,WI,0.0,
2017,2,WI,0.0,
2017,3,WI,0.0,
2017,4,WI,0.0,
2017,5,WI,0.0,
2017,6,WI,0.0,
2017,7,WI,5.0,0.0
2017,8,WI,2.0,0.0
2017,9,WI,3.0,0.06666666666666667
2017,10,WI,5.0,0.0
2017,11,WI,5.0,0.0
2017,12,WI,13.0,0.1526223776223776
2018,1,WI,4.0,0.1565909090909091
2018,2,WI,5.0,0.025909090909090902
2018,3,WI,6.0,0.15
2018,4,WI,10.0,0.1525
2018,5,WI,4.0,0.04097222222222223
2018,6,WI,4.0,0.27
2018,7,WI,3.0,0.041111111111111105
2018,8,WI,0.0,
2018,9,WI,2.0,0.084375
2018,10,WI,0.0,
2018,11,WI,0.0,
2018,12,WI,0.0,
2019,1,WI,0.0,
2019,2,WI,0.0,
2019,3,WI,0.0,
2019,4,WI,0.0,
2019,5,WI,0.0,
2019,6,WI,3.0,0.044444444444444446
2019,7,WI,1.0,-0.1
2019,8,WI,0.0,
2019,9,WI,0.0,
2019,10,WI,0.0,
2019,11,WI,0.0,
2019,12,WI,0.0,
2020,1,WI,0.0,
2012,1,WY,0.0,
2012,2,WY,0.0,
2012,3,WY,0.0,
2012,4,WY,0.0,
2012,5,WY,0.0,
2012,6,WY,0.0,
2012,7,WY,0.0,
2012,8,WY,0.0,
2012,9,WY,0.0,
2012,10,WY,0.0,
2012,11,WY,0.0,
2012,12,WY,0.0,
2013,1,WY,0.0,
2013,2,WY,0.0,
2013,3,WY,0.0,
2013,4,WY,0.0,
2013,5,WY,0.0,
2013,6,WY,0.0,
2013,7,WY,0.0,
2013,8,WY,0.0,
2013,9,WY,0.0,
2013,10,WY,0.0,
2013,11,WY,0.0,
2013,12,WY,0.0,
2014,1,WY,0.0,
2014,2,WY,0.0,
2014,3,WY,0.0,
2014,4,WY,0.0,
2014,5,WY,0.0,
2014,6,WY,0.0,
2014,7,WY,0.0,
2014,8,WY,0.0,
2014,9,WY,0.0,
2014,10,WY,0.0,
2014,11,WY,0.0,
2014,12,WY,0.0,
2015,1,WY,0.0,
2015,2,WY,0.0,
2015,3,WY,0.0,
2015,4,WY,0.0,
2015,5,WY,0.0,
2015,6,WY,0.0,
2015,7,WY,0.0,
2015,8,WY,0.0,
2015,9,WY,0.0,
2015,10,WY,0.0,
2015,11,WY,0.0,
2015,12,WY,0.0,
2016,1,WY,0.0,
2016,2,WY,0.0,
2016,3,WY,0.0,
2016,4,WY,0.0,
2016,5,WY,0.0,
2016,6,WY,0.0,
2016,7,WY,0.0,
2016,8,WY,0.0,
2016,9,WY,0.0,
2016,10,WY,0.0,
2016,11,WY,0.0,
2016,12,WY,0.0,
2017,1,WY,0.0,
2017,2,WY,0.0,
2017,3,WY,0.0,
2017,4,WY,0.0,
2017,5,WY,0.0,
2017,6,WY,0.0,
2017,7,WY,0.0,
2017,8,WY,2.0,0.13541666666666669
2017,9,WY,0.0,
2017,10,WY,0.0,
2017,11,WY,0.0,
2017,12,WY,0.0,
2018,1,WY,0.0,
2018,2,WY,0.0,
2018,3,WY,1.0,0.15
2018,4,WY,1.0,0.1
2018,5,WY,0.0,
2018,6,WY,0.0,
2018,7,WY,0.0,
2018,8,WY,0.0,
2018,9,WY,0.0,
2018,10,WY,0.0,
2018,11,WY,0.0,
2018,12,WY,0.0,
2019,1,WY,0.0,
2019,2,WY,0.0,
2019,3,WY,0.0,
2019,4,WY,0.0,
2019,5,WY,0.0,
2019,6,WY,1.0,0.31666666666666665
2019,7,WY,2.0,0.06818181818181818
2019,8,WY,0.0,
2019,9,WY,0.0,
2019,10,WY,0.0,
2019,11,WY,0.0,
2019,12,WY,0.0,
2020,1,WY,0.0,
2012,1,DC,0.0,
2012,2,DC,0.0,
2012,3,DC,0.0,
2012,4,DC,0.0,
2012,5,DC,0.0,
2012,6,DC,0.0,
2012,7,DC,0.0,
2012,8,DC,0.0,
2012,9,DC,0.0,
2012,10,DC,0.0,
2012,11,DC,0.0,
2012,12,DC,0.0,
2013,1,DC,0.0,
2013,2,DC,0.0,
2013,3,DC,0.0,
2013,4,DC,0.0,
2013,5,DC,0.0,
2013,6,DC,0.0,
2013,7,DC,0.0,
2013,8,DC,1.0,0.2
2013,9,DC,0.0,
2013,10,DC,0.0,
2013,11,DC,0.0,
2013,12,DC,0.0,
2014,1,DC,0.0,
2014,2,DC,0.0,
2014,3,DC,1.0,0.1
2014,4,DC,2.0,0.03125
2014,5,DC,0.0,
2014,6,DC,1.0,0.0
2014,7,DC,1.0,0.17708333333333331
2014,8,DC,0.0,
2014,9,DC,0.0,
2014,10,DC,0.0,
2014,11,DC,0.0,
2014,12,DC,0.0,
2015,1,DC,0.0,
2015,2,DC,0.0,
2015,3,DC,0.0,
2015,4,DC,0.0,
2015,5,DC,0.0,
2015,6,DC,2.0,0.0
2015,7,DC,0.0,
2015,8,DC,0.0,
2015,9,DC,0.0,
2015,10,DC,0.0,
2015,11,DC,0.0,
2015,12,DC,0.0,
2016,1,DC,0.0,
2016,2,DC,0.0,
2016,3,DC,0.0,
2016,4,DC,0.0,
2016,5,DC,0.0,
2016,6,DC,0.0,
2016,7,DC,0.0,
2016,8,DC,0.0,
2016,9,DC,0.0,
2016,10,DC,0.0,
2016,11,DC,0.0,
2016,12,DC,0.0,
2017,1,DC,0.0,
2017,2,DC,0.0,
2017,3,DC,0.0,
2017,4,DC,0.0,
2017,5,DC,0.0,
2017,6,DC,0.0,
2017,7,DC,0.0,
2017,8,DC,0.0,
2017,9,DC,2.0,0.325
2017,10,DC,4.0,0.04
2017,11,DC,0.0,
2017,12,DC,1.0,0.25
2018,1,DC,1.0,0.0
2018,2,DC,0.0,
2018,3,DC,1.0,0.15
2018,4,DC,1.0,0.18409090909090908
2018,5,DC,0.0,
2018,6,DC,0.0,
2018,7,DC,0.0,
2018,8,DC,0.0,
2018,9,DC,2.0,0.140625
2018,10,DC,1.0,0.25
2018,11,DC,0.0,
2018,12,DC,0.0,
2019,1,DC,0.0,
2019,2,DC,0.0,
2019,3,DC,0.0,
2019,4,DC,0.0,
2019,5,DC,0.0,
2019,6,DC,3.0,0.07222222222222223
2019,7,DC,1.0,0.26785714285714285
2019,8,DC,0.0,
2019,9,DC,0.0,
2019,10,DC,0.0,
2019,11,DC,0.0,
2019,12,DC,0.0,
2020,1,DC,0.0,
